BEGIN:VCALENDAR
VERSION:2.0
PRODID:-//Mozilla.org/NONSGML Mozilla Calendar V1.1//EN
BEGIN:VEVENT
SUMMARY:Año Nuevo
DTSTART;VALUE=DATE:20250101
DTEND;VALUE=DATE:20250102
DTSTAMP:20251025T210043Z
UID:a71aa501bade3c416d139c43cb86af0d3e1b99d6
CATEGORIES:Holidays
CLASS:public
DESCRIPTION:Año Nuevo
LAST-MODIFIED:20251025T210043Z
TRANSP:OPAQUE
END:VEVENT
BEGIN:VEVENT
SUMMARY:Lunes de Carnaval
DTSTART;VALUE=DATE:20250303
DTEND;VALUE=DATE:20250304
DTSTAMP:20251025T210043Z
UID:95557080d0fa80fdbee5e7499e209266a969a9ad
CATEGORIES:Holidays
CLASS:public
DESCRIPTION:Lunes de Carnaval
LAST-MODIFIED:20251025T210043Z
TRANSP:OPAQUE
END:VEVENT
BEGIN:VEVENT
SUMMARY:Martes de Carnaval
DTSTART;VALUE=DATE:20250304
DTEND;VALUE=DATE:20250305
DTSTAMP:20251025T210043Z
UID:b80a06f51e2e620323a99e599a61546c0995b1c9
CATEGORIES:Holidays
CLASS:public
DESCRIPTION:Martes de Carnaval
LAST-MODIFIED:20251025T210043Z
TRANSP:OPAQUE
END:VEVENT
BEGIN:VEVENT
SUMMARY:Día del Veterano y de los Caidos en la Guerra de Malvinas
DTSTART;VALUE=DATE:20250402
DTEND;VALUE=DATE:20250403
DTSTAMP:20251025T210043Z
UID:b369d501da658497b56f79b170574a1cd1caceb5
CATEGORIES:Holidays
CLASS:public
DESCRIPTION:Día del Veterano y de los Caidos en la Guerra de Malvinas
LAST-MODIFIED:20251025T210043Z
TRANSP:OPAQUE
END:VEVENT
BEGIN:VEVENT
SUMMARY:Jueves Santo
DTSTART;VALUE=DATE:20250417
DTEND;VALUE=DATE:20250418
DTSTAMP:20251025T210043Z
UID:594f19a0cd046f7d5ae341a9a67a2640c3daccc1
CATEGORIES:Holidays
CLASS:public
DESCRIPTION:Jueves Santo
LAST-MODIFIED:20251025T210043Z
TRANSP:OPAQUE
END:VEVENT
BEGIN:VEVENT
SUMMARY:Viernes Santo
DTSTART;VALUE=DATE:20250418
DTEND;VALUE=DATE:20250419
DTSTAMP:20251025T210043Z
UID:4363edb01f1debb33eec0ce087043489e6b479a4
CATEGORIES:Holidays
CLASS:public
DESCRIPTION:Viernes Santo
LAST-MODIFIED:20251025T210043Z
TRANSP:OPAQUE
END:VEVENT
BEGIN:VEVENT
SUMMARY:Día del Trabajo
DTSTART;VALUE=DATE:20250501
DTEND;VALUE=DATE:20250502
DTSTAMP:20251025T210043Z
UID:5c611eec5c57e5485cb44e05546855651046aed4
CATEGORIES:Holidays
CLASS:public
DESCRIPTION:Día del Trabajo
LAST-MODIFIED:20251025T210043Z
TRANSP:OPAQUE
END:VEVENT
BEGIN:VEVENT
SUMMARY:Día de la Revolución de Mayo
DTSTART;VALUE=DATE:20250525
DTEND;VALUE=DATE:20250526
DTSTAMP:20251025T210043Z
UID:0c2c9ede1928476724629268e077e59ee6aa8b66
CATEGORIES:Holidays
CLASS:public
DESCRIPTION:Día de la Revolución de Mayo
LAST-MODIFIED:20251025T210043Z
TRANSP:OPAQUE
END:VEVENT
BEGIN:VEVENT
SUMMARY:Paso a la Inmortalidad del General Don Martín Miguel de Güemes
DTSTART;VALUE=DATE:20250616
DTEND;VALUE=DATE:20250617
DTSTAMP:20251025T210043Z
UID:4799f5cacca0c5b20a9ce66bf0fdeed9b3b750d4
CATEGORIES:Holidays
CLASS:public
DESCRIPTION:Paso a la Inmortalidad del General Don Martín Miguel de Güem
 es
LAST-MODIFIED:20251025T210043Z
TRANSP:OPAQUE
END:VEVENT
BEGIN:VEVENT
SUMMARY:Día de la Independencia
DTSTART;VALUE=DATE:20250709
DTEND;VALUE=DATE:20250710
DTSTAMP:20251025T210043Z
UID:0e23526e5f46d07ae8d6caf202ec56d1cfda74ff
CATEGORIES:Holidays
CLASS:public
DESCRIPTION:Día de la Independencia
LAST-MODIFIED:20251025T210043Z
TRANSP:OPAQUE
END:VEVENT
BEGIN:VEVENT
SUMMARY:Día del Respeto a la Diversidad Cultural
DTSTART;VALUE=DATE:20251012
DTEND;VALUE=DATE:20251013
DTSTAMP:20251025T210043Z
UID:eca0c4d8dd78e6ca209c821470a82ebd99c3564b
CATEGORIES:Holidays
CLASS:public
DESCRIPTION:Día del Respeto a la Diversidad Cultural
LAST-MODIFIED:20251025T210043Z
TRANSP:OPAQUE
END:VEVENT
BEGIN:VEVENT
SUMMARY:Día de la Soberanía Nacional
DTSTART;VALUE=DATE:20251124
DTEND;VALUE=DATE:20251125
DTSTAMP:20251025T210043Z
UID:d71e14e545625c1b62b1abf2fdae0cc2e9173134
CATEGORIES:Holidays
CLASS:public
DESCRIPTION:Día de la Soberanía Nacional
LAST-MODIFIED:20251025T210043Z
TRANSP:OPAQUE
END:VEVENT
BEGIN:VEVENT
SUMMARY:Inmaculada Concepción de María
DTSTART;VALUE=DATE:20251208
DTEND;VALUE=DATE:20251209
DTSTAMP:20251025T210043Z
UID:314694ad694dc48961137d5434e0a9e2442433bd
CATEGORIES:Holidays
CLASS:public
DESCRIPTION:Inmaculada Concepción de María
LAST-MODIFIED:20251025T210043Z
TRANSP:OPAQUE
END:VEVENT
BEGIN:VEVENT
SUMMARY:Navidad
DTSTART;VALUE=DATE:20251225
DTEND;VALUE=DATE:20251226
DTSTAMP:20251025T210043Z
UID:b26fb5ec54b5f4b31e525433b99122e918bf73af
CATEGORIES:Holidays
CLASS:public
DESCRIPTION:Navidad
LAST-MODIFIED:20251025T210043Z
TRANSP:OPAQUE
END:VEVENT
BEGIN:VEVENT
SUMMARY:Día de acción por la tolerancia y el respeto entre los pueblos
DTSTART;VALUE=DATE:20250424
DTEND;VALUE=DATE:20250425
DTSTAMP:20251025T210043Z
UID:1848bc676e528c0cf3abbaa74dc90399d1fa7745
CATEGORIES:Holidays
CLASS:public
DESCRIPTION:Día de acción por la tolerancia y el respeto entre los puebl
 os
LAST-MODIFIED:20251025T210043Z
TRANSP:OPAQUE
END:VEVENT
BEGIN:VEVENT
SUMMARY:Día del Bancario
DTSTART;VALUE=DATE:20251106
DTEND;VALUE=DATE:20251107
DTSTAMP:20251025T210043Z
UID:ec247f5dfb7b367e062b1d8ff3092979880d8f80
CATEGORIES:Holidays
CLASS:public
DESCRIPTION:Día del Bancario
LAST-MODIFIED:20251025T210043Z
TRANSP:OPAQUE
END:VEVENT
BEGIN:VEVENT
SUMMARY:Año Nuevo Judío (Rosh Hashana)
DTSTART;VALUE=DATE:20250923
DTEND;VALUE=DATE:20250924
DTSTAMP:20251025T210043Z
UID:54b245422ba38cb686e550c40032ec6075f7d9f0
CATEGORIES:Holidays
CLASS:public
DESCRIPTION:Año Nuevo Judío (Rosh Hashana)
LAST-MODIFIED:20251025T210043Z
TRANSP:OPAQUE
END:VEVENT
BEGIN:VEVENT
SUMMARY:Día del Perdón (Iom Kipur)
DTSTART;VALUE=DATE:20251002
DTEND;VALUE=DATE:20251003
DTSTAMP:20251025T210043Z
UID:f272fc643a36cea8f15164822e6fbe457774ab0d
CATEGORIES:Holidays
CLASS:public
DESCRIPTION:Día del Perdón (Iom Kipur)
LAST-MODIFIED:20251025T210043Z
TRANSP:OPAQUE
END:VEVENT
BEGIN:VEVENT
SUMMARY:Pascua Judía (Pésaj)
DTSTART;VALUE=DATE:20250413
DTEND;VALUE=DATE:20250414
DTSTAMP:20251025T210043Z
UID:d039662c57bcddd9e9b9da84de8d5fc721cc4e2a
CATEGORIES:Holidays
CLASS:public
DESCRIPTION:Pascua Judía (Pésaj)
LAST-MODIFIED:20251025T210043Z
TRANSP:OPAQUE
END:VEVENT
BEGIN:VEVENT
SUMMARY:Pascua Judía (Pésaj)
DTSTART;VALUE=DATE:20250414
DTEND;VALUE=DATE:20250415
DTSTAMP:20251025T210043Z
UID:bf4503ed0568367323dfac122eb05e43775a6c1d
CATEGORIES:Holidays
CLASS:public
DESCRIPTION:Pascua Judía (Pésaj)
LAST-MODIFIED:20251025T210043Z
TRANSP:OPAQUE
END:VEVENT
BEGIN:VEVENT
SUMMARY:Pascua Judía (Pésaj)
DTSTART;VALUE=DATE:20250419
DTEND;VALUE=DATE:20250420
DTSTAMP:20251025T210043Z
UID:7f972ca6b88fd7726dc6246ff4d321fb3c25a2c1
CATEGORIES:Holidays
CLASS:public
DESCRIPTION:Pascua Judía (Pésaj)
LAST-MODIFIED:20251025T210043Z
TRANSP:OPAQUE
END:VEVENT
BEGIN:VEVENT
SUMMARY:Pascua Judía (Pésaj)
DTSTART;VALUE=DATE:20250420
DTEND;VALUE=DATE:20250421
DTSTAMP:20251025T210043Z
UID:c200fd30b255a0dcee95089c5eafa5b79fb24fb5
CATEGORIES:Holidays
CLASS:public
DESCRIPTION:Pascua Judía (Pésaj)
LAST-MODIFIED:20251025T210043Z
TRANSP:OPAQUE
END:VEVENT
BEGIN:VEVENT
SUMMARY:Año Nuevo Musulmán (Hégira)
DTSTART;VALUE=DATE:20250626
DTEND;VALUE=DATE:20250627
DTSTAMP:20251025T210043Z
UID:16b4b620d8829064f8514d3e4ad5704f7c454ef5
CATEGORIES:Holidays
CLASS:public
DESCRIPTION:Año Nuevo Musulmán (Hégira)
LAST-MODIFIED:20251025T210043Z
TRANSP:OPAQUE
END:VEVENT
BEGIN:VEVENT
SUMMARY:Día posterior a la culminación del ayuno (Id Al-Fitr)
DTSTART;VALUE=DATE:20250331
DTEND;VALUE=DATE:20250401
DTSTAMP:20251025T210043Z
UID:cb56224890e4344a77ac3ebcd3dab6ac83f032f9
CATEGORIES:Holidays
CLASS:public
DESCRIPTION:Día posterior a la culminación del ayuno (Id Al-Fitr)
LAST-MODIFIED:20251025T210043Z
TRANSP:OPAQUE
END:VEVENT
BEGIN:VEVENT
SUMMARY:Día de la Fiesta del Sacrificio (Id Al-Adha)
DTSTART;VALUE=DATE:20250610
DTEND;VALUE=DATE:20250611
DTSTAMP:20251025T210043Z
UID:3b56417dda776715cf150087acf78e34303bbe1e
CATEGORIES:Holidays
CLASS:public
DESCRIPTION:Día de la Fiesta del Sacrificio (Id Al-Adha)
LAST-MODIFIED:20251025T210043Z
TRANSP:OPAQUE
END:VEVENT
BEGIN:VEVENT
SUMMARY:Feriado con fines turísticos
DTSTART;VALUE=DATE:20250502
DTEND;VALUE=DATE:20250503
DTSTAMP:20251025T210043Z
UID:c65d7fd19fffcaabc5283ef3b8bcb1b03376dfa9
CATEGORIES:Holidays
CLASS:public
DESCRIPTION:Feriado con fines turísticos
LAST-MODIFIED:20251025T210043Z
TRANSP:OPAQUE
END:VEVENT
BEGIN:VEVENT
SUMMARY:Feriado con fines turísticos
DTSTART;VALUE=DATE:20250815
DTEND;VALUE=DATE:20250816
DTSTAMP:20251025T210043Z
UID:3ce313ef364bc31d10ed56ea09403d986171a1b1
CATEGORIES:Holidays
CLASS:public
DESCRIPTION:Feriado con fines turísticos
LAST-MODIFIED:20251025T210043Z
TRANSP:OPAQUE
END:VEVENT
BEGIN:VEVENT
SUMMARY:Feriado con fines turísticos
DTSTART;VALUE=DATE:20251121
DTEND;VALUE=DATE:20251122
DTSTAMP:20251025T210043Z
UID:5bb708ba984f9caa1429b35bf125b3f0bd40d9fc
CATEGORIES:Holidays
CLASS:public
DESCRIPTION:Feriado con fines turísticos
LAST-MODIFIED:20251025T210043Z
TRANSP:OPAQUE
END:VEVENT
BEGIN:VEVENT
SUMMARY:Día Nacional de la Memoria por la Verdad y la Justicia (All excep
 t E\, F)
DTSTART;VALUE=DATE:20250324
DTEND;VALUE=DATE:20250325
DTSTAMP:20251025T210043Z
UID:e26573c3566232b2a5710627084137f9b4875cd7
CATEGORIES:Holidays
CLASS:public
DESCRIPTION:Día Nacional de la Memoria por la Verdad y la Justicia (All e
 xcept E\, F)
LAST-MODIFIED:20251025T210043Z
TRANSP:TRANSPARENT
END:VEVENT
BEGIN:VEVENT
SUMMARY:Paso a la Inmortalidad del General Don Manuel Belgrano (All except
  Corrientes)
DTSTART;VALUE=DATE:20250620
DTEND;VALUE=DATE:20250621
DTSTAMP:20251025T210043Z
UID:0b5b5655fa198a093d3870db8f9644aa5951b5b4
CATEGORIES:Holidays
CLASS:public
DESCRIPTION:Paso a la Inmortalidad del General Don Manuel Belgrano (All ex
 cept Corrientes)
LAST-MODIFIED:20251025T210043Z
TRANSP:TRANSPARENT
END:VEVENT
BEGIN:VEVENT
SUMMARY:Paso a la Inmortalidad del General Don José de San Martín (All e
 xcept Corrientes)
DTSTART;VALUE=DATE:20250817
DTEND;VALUE=DATE:20250818
DTSTAMP:20251025T210043Z
UID:d1c08d2f97a0dacd2d162b3f1f996dac1930ae68
CATEGORIES:Holidays
CLASS:public
DESCRIPTION:Paso a la Inmortalidad del General Don José de San Martín (A
 ll except Corrientes)
LAST-MODIFIED:20251025T210043Z
TRANSP:TRANSPARENT
END:VEVENT
BEGIN:VEVENT
SUMMARY:Día del Trabajador del Estado (All except Entre Ríos)
DTSTART;VALUE=DATE:20250627
DTEND;VALUE=DATE:20250628
DTSTAMP:20251025T210043Z
UID:be0a97eae5a3bc01d5984335520d6a7db7d8e63f
CATEGORIES:Holidays
CLASS:public
DESCRIPTION:Día del Trabajador del Estado (All except Entre Ríos)
LAST-MODIFIED:20251025T210043Z
TRANSP:TRANSPARENT
END:VEVENT
BEGIN:VEVENT
SUMMARY:Año Nuevo Judío (Rosh Hashana) (All except Tucumán)
DTSTART;VALUE=DATE:20250924
DTEND;VALUE=DATE:20250925
DTSTAMP:20251025T210043Z
UID:dd03d95c112bad47a140f875ffc37a3d3248b6e3
CATEGORIES:Holidays
CLASS:public
DESCRIPTION:Año Nuevo Judío (Rosh Hashana) (All except Tucumán)
LAST-MODIFIED:20251025T210043Z
TRANSP:TRANSPARENT
END:VEVENT
BEGIN:VEVENT
SUMMARY:Aniversario de la Batalla de Salta (Salta)
DTSTART;VALUE=DATE:20250220
DTEND;VALUE=DATE:20250221
DTSTAMP:20251025T210043Z
UID:4ee3c92c0dfd2bf708992f751cfb045ae8728718
CATEGORIES:Holidays
CLASS:public
DESCRIPTION:Aniversario de la Batalla de Salta (Salta)
LAST-MODIFIED:20251025T210043Z
TRANSP:TRANSPARENT
END:VEVENT
BEGIN:VEVENT
SUMMARY:Dia de la memoria del Guerrero de la Independencia y Gobernador de
  la Provincia de Salta General Don Martín Miguel de Güemes (Salta)
DTSTART;VALUE=DATE:20250617
DTEND;VALUE=DATE:20250618
DTSTAMP:20251025T210043Z
UID:a2f67a90254324b274a44c4c981a71a0acf344b8
CATEGORIES:Holidays
CLASS:public
DESCRIPTION:Dia de la memoria del Guerrero de la Independencia y Gobernado
 r de la Provincia de Salta General Don Martín Miguel de Güemes (Salta)
LAST-MODIFIED:20251025T210043Z
TRANSP:TRANSPARENT
END:VEVENT
BEGIN:VEVENT
SUMMARY:Festividades del Señor y de la Virgen del Milagro (Salta)
DTSTART;VALUE=DATE:20250913
DTEND;VALUE=DATE:20250914
DTSTAMP:20251025T210043Z
UID:5c8cec2780691d47ece00b145b4367d316027b2e
CATEGORIES:Holidays
CLASS:public
DESCRIPTION:Festividades del Señor y de la Virgen del Milagro (Salta)
LAST-MODIFIED:20251025T210043Z
TRANSP:TRANSPARENT
END:VEVENT
BEGIN:VEVENT
SUMMARY:Festividades del Señor y de la Virgen del Milagro (Salta)
DTSTART;VALUE=DATE:20250914
DTEND;VALUE=DATE:20250915
DTSTAMP:20251025T210043Z
UID:fb7ac3fb4c7cfddac586c1965c87e873ef5f63f5
CATEGORIES:Holidays
CLASS:public
DESCRIPTION:Festividades del Señor y de la Virgen del Milagro (Salta)
LAST-MODIFIED:20251025T210043Z
TRANSP:TRANSPARENT
END:VEVENT
BEGIN:VEVENT
SUMMARY:Festividades del Señor y de la Virgen del Milagro (Salta)
DTSTART;VALUE=DATE:20250915
DTEND;VALUE=DATE:20250916
DTSTAMP:20251025T210043Z
UID:4204446506ec83b71fa99c3f6ccd9952a4e06b50
CATEGORIES:Holidays
CLASS:public
DESCRIPTION:Festividades del Señor y de la Virgen del Milagro (Salta)
LAST-MODIFIED:20251025T210043Z
TRANSP:TRANSPARENT
END:VEVENT
BEGIN:VEVENT
SUMMARY:Día de la Exaltación de la Santa Cruz (San Luis)
DTSTART;VALUE=DATE:20250503
DTEND;VALUE=DATE:20250504
DTSTAMP:20251025T210043Z
UID:ea0f2f96307844bd1dfe35aeb59a7134f8b04117
CATEGORIES:Holidays
CLASS:public
DESCRIPTION:Día de la Exaltación de la Santa Cruz (San Luis)
LAST-MODIFIED:20251025T210043Z
TRANSP:TRANSPARENT
END:VEVENT
BEGIN:VEVENT
SUMMARY:Día de San Luis Rey de Francia (San Luis)
DTSTART;VALUE=DATE:20250825
DTEND;VALUE=DATE:20250826
DTSTAMP:20251025T210043Z
UID:bb58f12a2d2b105cf9137901beb40310e07d162b
CATEGORIES:Holidays
CLASS:public
DESCRIPTION:Día de San Luis Rey de Francia (San Luis)
LAST-MODIFIED:20251025T210043Z
TRANSP:TRANSPARENT
END:VEVENT
BEGIN:VEVENT
SUMMARY:Día Nacional de la Memoria por la Verdad y la Justicia\; Día Pro
 vincial de la Memoria por la Verdad y la Justicia (Entre Ríos)
DTSTART;VALUE=DATE:20250324
DTEND;VALUE=DATE:20250325
DTSTAMP:20251025T210043Z
UID:2d689f8cd9e34a5ed2362185cdc76ff3c9e87415
CATEGORIES:Holidays
CLASS:public
DESCRIPTION:Día Nacional de la Memoria por la Verdad y la Justicia\; Día
  Provincial de la Memoria por la Verdad y la Justicia (Entre Ríos)
LAST-MODIFIED:20251025T210043Z
TRANSP:TRANSPARENT
END:VEVENT
BEGIN:VEVENT
SUMMARY:Día del Trabajador Estatal\; Día del Trabajador del Estado (Entr
 e Ríos)
DTSTART;VALUE=DATE:20250627
DTEND;VALUE=DATE:20250628
DTSTAMP:20251025T210043Z
UID:d72432cdd0463c3b2c6847bea4c10a01ab48d4b5
CATEGORIES:Holidays
CLASS:public
DESCRIPTION:Día del Trabajador Estatal\; Día del Trabajador del Estado (
 Entre Ríos)
LAST-MODIFIED:20251025T210043Z
TRANSP:TRANSPARENT
END:VEVENT
BEGIN:VEVENT
SUMMARY:Conmemoración de la Batalla de Caseros (Entre Ríos)
DTSTART;VALUE=DATE:20250203
DTEND;VALUE=DATE:20250204
DTSTAMP:20251025T210043Z
UID:499ee8fa1a240f269f25e837e54fb740daa3e83d
CATEGORIES:Holidays
CLASS:public
DESCRIPTION:Conmemoración de la Batalla de Caseros (Entre Ríos)
LAST-MODIFIED:20251025T210043Z
TRANSP:TRANSPARENT
END:VEVENT
BEGIN:VEVENT
SUMMARY:San Miguel Arcángel (Entre Ríos)
DTSTART;VALUE=DATE:20250929
DTEND;VALUE=DATE:20250930
DTSTAMP:20251025T210043Z
UID:0c308ecba551887814223b695208c1be5b63af51
CATEGORIES:Holidays
CLASS:public
DESCRIPTION:San Miguel Arcángel (Entre Ríos)
LAST-MODIFIED:20251025T210043Z
TRANSP:TRANSPARENT
END:VEVENT
BEGIN:VEVENT
SUMMARY:Día Nacional de la Memoria por la Verdad y la Justicia\; Día de 
 la Memoria por la Verdad y la Justicia (La Rioja)
DTSTART;VALUE=DATE:20250324
DTEND;VALUE=DATE:20250325
DTSTAMP:20251025T210043Z
UID:d6138f7bba6c2760eb777373db4a6d6d3edcd91d
CATEGORIES:Holidays
CLASS:public
DESCRIPTION:Día Nacional de la Memoria por la Verdad y la Justicia\; Día
  de la Memoria por la Verdad y la Justicia (La Rioja)
LAST-MODIFIED:20251025T210043Z
TRANSP:TRANSPARENT
END:VEVENT
BEGIN:VEVENT
SUMMARY:Día del fallecimiento de Juan Facundo Quiroga (La Rioja)
DTSTART;VALUE=DATE:20250216
DTEND;VALUE=DATE:20250217
DTSTAMP:20251025T210043Z
UID:25ef78f62a75489491afa6a0b5e26d7384888cbe
CATEGORIES:Holidays
CLASS:public
DESCRIPTION:Día del fallecimiento de Juan Facundo Quiroga (La Rioja)
LAST-MODIFIED:20251025T210043Z
TRANSP:TRANSPARENT
END:VEVENT
BEGIN:VEVENT
SUMMARY:Día de la Autonomía Provincial (La Rioja)
DTSTART;VALUE=DATE:20250301
DTEND;VALUE=DATE:20250302
DTSTAMP:20251025T210043Z
UID:4d5b1532f77525f711e1e4f4cba7072e0b134c65
CATEGORIES:Holidays
CLASS:public
DESCRIPTION:Día de la Autonomía Provincial (La Rioja)
LAST-MODIFIED:20251025T210043Z
TRANSP:TRANSPARENT
END:VEVENT
BEGIN:VEVENT
SUMMARY:Día de la fundación de La Rioja (La Rioja)
DTSTART;VALUE=DATE:20250520
DTEND;VALUE=DATE:20250521
DTSTAMP:20251025T210043Z
UID:79a82888ba2c3f7bfc31a1112a27ece17aea005b
CATEGORIES:Holidays
CLASS:public
DESCRIPTION:Día de la fundación de La Rioja (La Rioja)
LAST-MODIFIED:20251025T210043Z
TRANSP:TRANSPARENT
END:VEVENT
BEGIN:VEVENT
SUMMARY:Día del Aniversario del Fallecimiento de Monseñor Enrique Angele
 lli (La Rioja)
DTSTART;VALUE=DATE:20250804
DTEND;VALUE=DATE:20250805
DTSTAMP:20251025T210043Z
UID:b202115d257424bc3354677d8711089c2f327d9e
CATEGORIES:Holidays
CLASS:public
DESCRIPTION:Día del Aniversario del Fallecimiento de Monseñor Enrique An
 gelelli (La Rioja)
LAST-MODIFIED:20251025T210043Z
TRANSP:TRANSPARENT
END:VEVENT
BEGIN:VEVENT
SUMMARY:Día del Aniversario del Fallecimiento de Ángel Vicente Peñaloza
  (La Rioja)
DTSTART;VALUE=DATE:20251112
DTEND;VALUE=DATE:20251113
DTSTAMP:20251025T210043Z
UID:2afe9a99650cade1930c1aefd1ed86e206aca08d
CATEGORIES:Holidays
CLASS:public
DESCRIPTION:Día del Aniversario del Fallecimiento de Ángel Vicente Peña
 loza (La Rioja)
LAST-MODIFIED:20251025T210043Z
TRANSP:TRANSPARENT
END:VEVENT
BEGIN:VEVENT
SUMMARY:Día del Tinkunaco Riojano (La Rioja)
DTSTART;VALUE=DATE:20251231
DTEND;VALUE=DATE:20260101
DTSTAMP:20251025T210043Z
UID:faa6c7a7b954fb12772530725435d25f54a068fc
CATEGORIES:Holidays
CLASS:public
DESCRIPTION:Día del Tinkunaco Riojano (La Rioja)
LAST-MODIFIED:20251025T210043Z
TRANSP:TRANSPARENT
END:VEVENT
BEGIN:VEVENT
SUMMARY:Día del Maestro (San Juan)
DTSTART;VALUE=DATE:20250911
DTEND;VALUE=DATE:20250912
DTSTAMP:20251025T210043Z
UID:5fd32bc9b4a16b98853295e5198c51b0cffec4a9
CATEGORIES:Holidays
CLASS:public
DESCRIPTION:Día del Maestro (San Juan)
LAST-MODIFIED:20251025T210043Z
TRANSP:TRANSPARENT
END:VEVENT
BEGIN:VEVENT
SUMMARY:Natalicio de Fray Mamerto Esquiú (Catamarca)
DTSTART;VALUE=DATE:20250511
DTEND;VALUE=DATE:20250512
DTSTAMP:20251025T210043Z
UID:278a26960a534c7c648a918b3fc29b332530556d
CATEGORIES:Holidays
CLASS:public
DESCRIPTION:Natalicio de Fray Mamerto Esquiú (Catamarca)
LAST-MODIFIED:20251025T210043Z
TRANSP:TRANSPARENT
END:VEVENT
BEGIN:VEVENT
SUMMARY:Autonomía de Catamarca (Catamarca)
DTSTART;VALUE=DATE:20250825
DTEND;VALUE=DATE:20250826
DTSTAMP:20251025T210043Z
UID:5efdaf830ab7504aa00463c920fd78398ce65a29
CATEGORIES:Holidays
CLASS:public
DESCRIPTION:Autonomía de Catamarca (Catamarca)
LAST-MODIFIED:20251025T210043Z
TRANSP:TRANSPARENT
END:VEVENT
BEGIN:VEVENT
SUMMARY:Día del Milagro (Catamarca)
DTSTART;VALUE=DATE:20250907
DTEND;VALUE=DATE:20250908
DTSTAMP:20251025T210043Z
UID:24e37979e1abe04c1f9a29187fa689e2aa24c040
CATEGORIES:Holidays
CLASS:public
DESCRIPTION:Día del Milagro (Catamarca)
LAST-MODIFIED:20251025T210043Z
TRANSP:TRANSPARENT
END:VEVENT
BEGIN:VEVENT
SUMMARY:Día del Apóstol Santiago (Mendoza)
DTSTART;VALUE=DATE:20250725
DTEND;VALUE=DATE:20250726
DTSTAMP:20251025T210043Z
UID:10c29fbc3024396b998b686040b7cf0bbb692630
CATEGORIES:Holidays
CLASS:public
DESCRIPTION:Día del Apóstol Santiago (Mendoza)
LAST-MODIFIED:20251025T210043Z
TRANSP:TRANSPARENT
END:VEVENT
BEGIN:VEVENT
SUMMARY:Aniversario de la Batalla de Tucumán\; Año Nuevo Judío (Rosh Ha
 shana) (Tucumán)
DTSTART;VALUE=DATE:20250924
DTEND;VALUE=DATE:20250925
DTSTAMP:20251025T210043Z
UID:09975124bb83d75995332d25a045740e202b0cd8
CATEGORIES:Holidays
CLASS:public
DESCRIPTION:Aniversario de la Batalla de Tucumán\; Año Nuevo Judío (Ros
 h Hashana) (Tucumán)
LAST-MODIFIED:20251025T210043Z
TRANSP:TRANSPARENT
END:VEVENT
BEGIN:VEVENT
SUMMARY:Plebiscito 1902 Trevelin (Chubut)
DTSTART;VALUE=DATE:20250430
DTEND;VALUE=DATE:20250501
DTSTAMP:20251025T210043Z
UID:f5b4cbc1dbb230a3b2d4532f54e52a4e47032559
CATEGORIES:Holidays
CLASS:public
DESCRIPTION:Plebiscito 1902 Trevelin (Chubut)
LAST-MODIFIED:20251025T210043Z
TRANSP:TRANSPARENT
END:VEVENT
BEGIN:VEVENT
SUMMARY:Aniversario del arribo de los primeros colonizadores galeses (Chub
 ut)
DTSTART;VALUE=DATE:20250728
DTEND;VALUE=DATE:20250729
DTSTAMP:20251025T210043Z
UID:365a4bc1ec369870b1ccebc1d55e3e9944d03516
CATEGORIES:Holidays
CLASS:public
DESCRIPTION:Aniversario del arribo de los primeros colonizadores galeses (
 Chubut)
LAST-MODIFIED:20251025T210043Z
TRANSP:TRANSPARENT
END:VEVENT
BEGIN:VEVENT
SUMMARY:Día del Petróleo Nacional (Chubut)
DTSTART;VALUE=DATE:20251213
DTEND;VALUE=DATE:20251214
DTSTAMP:20251025T210043Z
UID:bf87cb3db3ad35803683ebc947388254b30ee14d
CATEGORIES:Holidays
CLASS:public
DESCRIPTION:Día del Petróleo Nacional (Chubut)
LAST-MODIFIED:20251025T210043Z
TRANSP:TRANSPARENT
END:VEVENT
BEGIN:VEVENT
SUMMARY:Tehuelches y Mapuches declaran lealtad a la bandera Argentina (Chu
 but)
DTSTART;VALUE=DATE:20251103
DTEND;VALUE=DATE:20251104
DTSTAMP:20251025T210043Z
UID:d482e86af206b8b020462f6183b2d4df36c807f1
CATEGORIES:Holidays
CLASS:public
DESCRIPTION:Tehuelches y Mapuches declaran lealtad a la bandera Argentina 
 (Chubut)
LAST-MODIFIED:20251025T210043Z
TRANSP:TRANSPARENT
END:VEVENT
BEGIN:VEVENT
SUMMARY:Día de la Provincia de Tierra del Fuego\, Antártida e Islas del 
 Atlántico Sur (Tierra del Fuego)
DTSTART;VALUE=DATE:20250601
DTEND;VALUE=DATE:20250602
DTSTAMP:20251025T210043Z
UID:6ca3daf94a3b958eff5006cd1844cb81c988568d
CATEGORIES:Holidays
CLASS:public
DESCRIPTION:Día de la Provincia de Tierra del Fuego\, Antártida e Islas 
 del Atlántico Sur (Tierra del Fuego)
LAST-MODIFIED:20251025T210043Z
TRANSP:TRANSPARENT
END:VEVENT
BEGIN:VEVENT
SUMMARY:Día del Genocidio Selk'Nam (Tierra del Fuego)
DTSTART;VALUE=DATE:20251125
DTEND;VALUE=DATE:20251126
DTSTAMP:20251025T210043Z
UID:4c82f3681a300e1a174c895ccda843efbb0476c1
CATEGORIES:Holidays
CLASS:public
DESCRIPTION:Día del Genocidio Selk'Nam (Tierra del Fuego)
LAST-MODIFIED:20251025T210043Z
TRANSP:TRANSPARENT
END:VEVENT
BEGIN:VEVENT
SUMMARY:Día del Aniversario del Fallecimiento del General Manuel José Jo
 aquín del Corazón de Jesús Belgrano\; Paso a la Inmortalidad del Genera
 l Don Manuel Belgrano (Corrientes)
DTSTART;VALUE=DATE:20250620
DTEND;VALUE=DATE:20250621
DTSTAMP:20251025T210043Z
UID:3bce39f322986c1f873088691f4a0da0c32fc6c9
CATEGORIES:Holidays
CLASS:public
DESCRIPTION:Día del Aniversario del Fallecimiento del General Manuel Jos
 é Joaquín del Corazón de Jesús Belgrano\; Paso a la Inmortalidad del G
 eneral Don Manuel Belgrano (Corrientes)
LAST-MODIFIED:20251025T210043Z
TRANSP:TRANSPARENT
END:VEVENT
BEGIN:VEVENT
SUMMARY:Día del Aniversario del Fallecimiento del General José Francisco
  de San Martín\; Paso a la Inmortalidad del General Don José de San Mart
 ín (Corrientes)
DTSTART;VALUE=DATE:20250817
DTEND;VALUE=DATE:20250818
DTSTAMP:20251025T210043Z
UID:43d6b7c2c887d40526967d1052be247072928124
CATEGORIES:Holidays
CLASS:public
DESCRIPTION:Día del Aniversario del Fallecimiento del General José Franc
 isco de San Martín\; Paso a la Inmortalidad del General Don José de San 
 Martín (Corrientes)
LAST-MODIFIED:20251025T210043Z
TRANSP:TRANSPARENT
END:VEVENT
BEGIN:VEVENT
SUMMARY:Día del Éxodo Jujeño (Jujuy)
DTSTART;VALUE=DATE:20250823
DTEND;VALUE=DATE:20250824
DTSTAMP:20251025T210043Z
UID:a3a800e58bde3b6fbf2c24ae844e7a336f693403
CATEGORIES:Holidays
CLASS:public
DESCRIPTION:Día del Éxodo Jujeño (Jujuy)
LAST-MODIFIED:20251025T210043Z
TRANSP:TRANSPARENT
END:VEVENT
BEGIN:VEVENT
SUMMARY:Autonomía Política de Jujuy (Jujuy)
DTSTART;VALUE=DATE:20251118
DTEND;VALUE=DATE:20251119
DTSTAMP:20251025T210043Z
UID:7135d997b57ecef5656adb8f4d78292f72a25378
CATEGORIES:Holidays
CLASS:public
DESCRIPTION:Autonomía Política de Jujuy (Jujuy)
LAST-MODIFIED:20251025T210043Z
TRANSP:TRANSPARENT
END:VEVENT
BEGIN:VEVENT
SUMMARY:Día de la Pachamama (Jujuy)
DTSTART;VALUE=DATE:20250801
DTEND;VALUE=DATE:20250802
DTSTAMP:20251025T210043Z
UID:46679382352596c521a52aaaa403b57963516f56
CATEGORIES:Holidays
CLASS:public
DESCRIPTION:Día de la Pachamama (Jujuy)
LAST-MODIFIED:20251025T210043Z
TRANSP:TRANSPARENT
END:VEVENT
BEGIN:VEVENT
SUMMARY:Día de la Virgen del Rosario de Río Blanco y Paypaya (Jujuy)
DTSTART;VALUE=DATE:20251007
DTEND;VALUE=DATE:20251008
DTSTAMP:20251025T210043Z
UID:8b22f18564eac934b00226bac88a447e9df1eeee
CATEGORIES:Holidays
CLASS:public
DESCRIPTION:Día de la Virgen del Rosario de Río Blanco y Paypaya (Jujuy)
LAST-MODIFIED:20251025T210043Z
TRANSP:TRANSPARENT
END:VEVENT
BEGIN:VEVENT
SUMMARY:Día Grande de Jujuy (Jujuy)
DTSTART;VALUE=DATE:20250427
DTEND;VALUE=DATE:20250428
DTSTAMP:20251025T210043Z
UID:17e28f737e0eeafe069a57179c5fd81faaa8ed0d
CATEGORIES:Holidays
CLASS:public
DESCRIPTION:Día Grande de Jujuy (Jujuy)
LAST-MODIFIED:20251025T210043Z
TRANSP:TRANSPARENT
END:VEVENT
BEGIN:VEVENT
SUMMARY:Homenaje al Patrono de la Provincia San Juan Bosco (Santa Cruz)
DTSTART;VALUE=DATE:20250816
DTEND;VALUE=DATE:20250817
DTSTAMP:20251025T210043Z
UID:f0887e92098d5ffd52f8ea1910db025c0d49ebd3
CATEGORIES:Holidays
CLASS:public
DESCRIPTION:Homenaje al Patrono de la Provincia San Juan Bosco (Santa Cruz
 )
LAST-MODIFIED:20251025T210043Z
TRANSP:TRANSPARENT
END:VEVENT
BEGIN:VEVENT
SUMMARY:Día del Aniversario del Fallecimiento del ex Presidente de la Nac
 ión Doctor Néstor Carlos Kirchner (Santa Cruz)
DTSTART;VALUE=DATE:20251027
DTEND;VALUE=DATE:20251028
DTSTAMP:20251025T210043Z
UID:f8563abdce54632d4cb614c26c0aa36f6154ec86
CATEGORIES:Holidays
CLASS:public
DESCRIPTION:Día del Aniversario del Fallecimiento del ex Presidente de la
  Nación Doctor Néstor Carlos Kirchner (Santa Cruz)
LAST-MODIFIED:20251025T210043Z
TRANSP:TRANSPARENT
END:VEVENT
BEGIN:VEVENT
SUMMARY:Conmemoración a los obreros fusilados en las Huelgas Patagónicas
  (Santa Cruz)
DTSTART;VALUE=DATE:20251207
DTEND;VALUE=DATE:20251208
DTSTAMP:20251025T210043Z
UID:c8fa5fd062b04500fdb83a4801dce539a8efbe0e
CATEGORIES:Holidays
CLASS:public
DESCRIPTION:Conmemoración a los obreros fusilados en las Huelgas Patagón
 icas (Santa Cruz)
LAST-MODIFIED:20251025T210043Z
TRANSP:TRANSPARENT
END:VEVENT
BEGIN:VEVENT
SUMMARY:Año Nuevo
DTSTART;VALUE=DATE:20260101
DTEND;VALUE=DATE:20260102
DTSTAMP:20251025T210043Z
UID:c386523614ebee65edc815fba0af1c324b62b56c
CATEGORIES:Holidays
CLASS:public
DESCRIPTION:Año Nuevo
LAST-MODIFIED:20251025T210043Z
TRANSP:OPAQUE
END:VEVENT
BEGIN:VEVENT
SUMMARY:Martes de Carnaval
DTSTART;VALUE=DATE:20260217
DTEND;VALUE=DATE:20260218
DTSTAMP:20251025T210043Z
UID:d090c618169440b7d7a66c620c74a370b42c37cd
CATEGORIES:Holidays
CLASS:public
DESCRIPTION:Martes de Carnaval
LAST-MODIFIED:20251025T210043Z
TRANSP:OPAQUE
END:VEVENT
BEGIN:VEVENT
SUMMARY:Día del Veterano y de los Caidos en la Guerra de Malvinas\; Jueve
 s Santo\; Pascua Judía (Pésaj)
DTSTART;VALUE=DATE:20260402
DTEND;VALUE=DATE:20260403
DTSTAMP:20251025T210043Z
UID:3b228c818b2d4b74fda5235d6d494a61ad1f6666
CATEGORIES:Holidays
CLASS:public
DESCRIPTION:Día del Veterano y de los Caidos en la Guerra de Malvinas\; J
 ueves Santo\; Pascua Judía (Pésaj)
LAST-MODIFIED:20251025T210043Z
TRANSP:OPAQUE
END:VEVENT
BEGIN:VEVENT
SUMMARY:Pascua Judía (Pésaj)\; Viernes Santo
DTSTART;VALUE=DATE:20260403
DTEND;VALUE=DATE:20260404
DTSTAMP:20251025T210043Z
UID:a0c30046e20ddff156b20497bb83a5e39d340880
CATEGORIES:Holidays
CLASS:public
DESCRIPTION:Pascua Judía (Pésaj)\; Viernes Santo
LAST-MODIFIED:20251025T210043Z
TRANSP:OPAQUE
END:VEVENT
BEGIN:VEVENT
SUMMARY:Día del Trabajo
DTSTART;VALUE=DATE:20260501
DTEND;VALUE=DATE:20260502
DTSTAMP:20251025T210043Z
UID:5089090206fbeab9fd3deb6e028350ae7e758640
CATEGORIES:Holidays
CLASS:public
DESCRIPTION:Día del Trabajo
LAST-MODIFIED:20251025T210043Z
TRANSP:OPAQUE
END:VEVENT
BEGIN:VEVENT
SUMMARY:Día de la Revolución de Mayo
DTSTART;VALUE=DATE:20260525
DTEND;VALUE=DATE:20260526
DTSTAMP:20251025T210043Z
UID:f3c9b29add0dea529feb966934bbcdd8cca76640
CATEGORIES:Holidays
CLASS:public
DESCRIPTION:Día de la Revolución de Mayo
LAST-MODIFIED:20251025T210043Z
TRANSP:OPAQUE
END:VEVENT
BEGIN:VEVENT
SUMMARY:Paso a la Inmortalidad del General Don Martín Miguel de Güemes
DTSTART;VALUE=DATE:20260615
DTEND;VALUE=DATE:20260616
DTSTAMP:20251025T210043Z
UID:54481e6b325961ac853ffe0609cb581eaf4350ca
CATEGORIES:Holidays
CLASS:public
DESCRIPTION:Paso a la Inmortalidad del General Don Martín Miguel de Güem
 es
LAST-MODIFIED:20251025T210043Z
TRANSP:OPAQUE
END:VEVENT
BEGIN:VEVENT
SUMMARY:Día de la Independencia
DTSTART;VALUE=DATE:20260709
DTEND;VALUE=DATE:20260710
DTSTAMP:20251025T210043Z
UID:a34e2cc2dc109c0db0fe04eb965f6f5528507deb
CATEGORIES:Holidays
CLASS:public
DESCRIPTION:Día de la Independencia
LAST-MODIFIED:20251025T210043Z
TRANSP:OPAQUE
END:VEVENT
BEGIN:VEVENT
SUMMARY:Día del Respeto a la Diversidad Cultural
DTSTART;VALUE=DATE:20261012
DTEND;VALUE=DATE:20261013
DTSTAMP:20251025T210043Z
UID:b839cabe783cbe89a3ccdd8409639004d489a2c4
CATEGORIES:Holidays
CLASS:public
DESCRIPTION:Día del Respeto a la Diversidad Cultural
LAST-MODIFIED:20251025T210043Z
TRANSP:OPAQUE
END:VEVENT
BEGIN:VEVENT
SUMMARY:Día de la Soberanía Nacional
DTSTART;VALUE=DATE:20261123
DTEND;VALUE=DATE:20261124
DTSTAMP:20251025T210043Z
UID:2dfc29e3199ad0292f71f76d70301263449581e3
CATEGORIES:Holidays
CLASS:public
DESCRIPTION:Día de la Soberanía Nacional
LAST-MODIFIED:20251025T210043Z
TRANSP:OPAQUE
END:VEVENT
BEGIN:VEVENT
SUMMARY:Inmaculada Concepción de María
DTSTART;VALUE=DATE:20261208
DTEND;VALUE=DATE:20261209
DTSTAMP:20251025T210043Z
UID:01c349454d7e2addff30381776f502e5cb682d3f
CATEGORIES:Holidays
CLASS:public
DESCRIPTION:Inmaculada Concepción de María
LAST-MODIFIED:20251025T210043Z
TRANSP:OPAQUE
END:VEVENT
BEGIN:VEVENT
SUMMARY:Navidad
DTSTART;VALUE=DATE:20261225
DTEND;VALUE=DATE:20261226
DTSTAMP:20251025T210043Z
UID:162155784f8f2b787de9160b0e59e9484de9e291
CATEGORIES:Holidays
CLASS:public
DESCRIPTION:Navidad
LAST-MODIFIED:20251025T210043Z
TRANSP:OPAQUE
END:VEVENT
BEGIN:VEVENT
SUMMARY:Día de acción por la tolerancia y el respeto entre los pueblos
DTSTART;VALUE=DATE:20260424
DTEND;VALUE=DATE:20260425
DTSTAMP:20251025T210043Z
UID:1533616863635b8fae4376c70b1e8d3fd2ff2ccb
CATEGORIES:Holidays
CLASS:public
DESCRIPTION:Día de acción por la tolerancia y el respeto entre los puebl
 os
LAST-MODIFIED:20251025T210043Z
TRANSP:OPAQUE
END:VEVENT
BEGIN:VEVENT
SUMMARY:Día del Bancario
DTSTART;VALUE=DATE:20261106
DTEND;VALUE=DATE:20261107
DTSTAMP:20251025T210043Z
UID:b8b4ed3592431d7506e3ccb135ae73998d3912b6
CATEGORIES:Holidays
CLASS:public
DESCRIPTION:Día del Bancario
LAST-MODIFIED:20251025T210043Z
TRANSP:OPAQUE
END:VEVENT
BEGIN:VEVENT
SUMMARY:Año Nuevo Judío (Rosh Hashana)
DTSTART;VALUE=DATE:20260912
DTEND;VALUE=DATE:20260913
DTSTAMP:20251025T210043Z
UID:614f85443ade8c2702063c45928c1077753857d5
CATEGORIES:Holidays
CLASS:public
DESCRIPTION:Año Nuevo Judío (Rosh Hashana)
LAST-MODIFIED:20251025T210043Z
TRANSP:OPAQUE
END:VEVENT
BEGIN:VEVENT
SUMMARY:Día del Perdón (Iom Kipur)
DTSTART;VALUE=DATE:20260921
DTEND;VALUE=DATE:20260922
DTSTAMP:20251025T210043Z
UID:7393b27093ebd5f4ff60d6e2b53f37027a13d350
CATEGORIES:Holidays
CLASS:public
DESCRIPTION:Día del Perdón (Iom Kipur)
LAST-MODIFIED:20251025T210043Z
TRANSP:OPAQUE
END:VEVENT
BEGIN:VEVENT
SUMMARY:Pascua Judía (Pésaj)
DTSTART;VALUE=DATE:20260408
DTEND;VALUE=DATE:20260409
DTSTAMP:20251025T210043Z
UID:e95aeb0fbf7a02996227714504cd340de307e0cb
CATEGORIES:Holidays
CLASS:public
DESCRIPTION:Pascua Judía (Pésaj)
LAST-MODIFIED:20251025T210043Z
TRANSP:OPAQUE
END:VEVENT
BEGIN:VEVENT
SUMMARY:Pascua Judía (Pésaj)
DTSTART;VALUE=DATE:20260409
DTEND;VALUE=DATE:20260410
DTSTAMP:20251025T210043Z
UID:d5a49063588a05aac6c9c0912ca2adf7f2d8c718
CATEGORIES:Holidays
CLASS:public
DESCRIPTION:Pascua Judía (Pésaj)
LAST-MODIFIED:20251025T210043Z
TRANSP:OPAQUE
END:VEVENT
BEGIN:VEVENT
SUMMARY:Año Nuevo Musulmán (Hégira) (estimado)
DTSTART;VALUE=DATE:20260616
DTEND;VALUE=DATE:20260617
DTSTAMP:20251025T210043Z
UID:b87869e007c0cf0c7485ae8ec2cbd72cf26ed57e
CATEGORIES:Holidays
CLASS:public
DESCRIPTION:Año Nuevo Musulmán (Hégira) (estimado)
LAST-MODIFIED:20251025T210043Z
TRANSP:OPAQUE
END:VEVENT
BEGIN:VEVENT
SUMMARY:Día posterior a la culminación del ayuno (Id Al-Fitr) (estimado)
DTSTART;VALUE=DATE:20260320
DTEND;VALUE=DATE:20260321
DTSTAMP:20251025T210043Z
UID:564fdfb2d797bbf11803f949208294c5882d85cc
CATEGORIES:Holidays
CLASS:public
DESCRIPTION:Día posterior a la culminación del ayuno (Id Al-Fitr) (estim
 ado)
LAST-MODIFIED:20251025T210043Z
TRANSP:OPAQUE
END:VEVENT
BEGIN:VEVENT
SUMMARY:Día de la Fiesta del Sacrificio (Id Al-Adha) (estimado)
DTSTART;VALUE=DATE:20260527
DTEND;VALUE=DATE:20260528
DTSTAMP:20251025T210043Z
UID:527a4b0413fef6931b6bc10ac8e61f711076a939
CATEGORIES:Holidays
CLASS:public
DESCRIPTION:Día de la Fiesta del Sacrificio (Id Al-Adha) (estimado)
LAST-MODIFIED:20251025T210043Z
TRANSP:OPAQUE
END:VEVENT
BEGIN:VEVENT
SUMMARY:Lunes de Carnaval (All except La Rioja)
DTSTART;VALUE=DATE:20260216
DTEND;VALUE=DATE:20260217
DTSTAMP:20251025T210043Z
UID:9c3927db6e2832c062aa167c16e5d0043d1717bd
CATEGORIES:Holidays
CLASS:public
DESCRIPTION:Lunes de Carnaval (All except La Rioja)
LAST-MODIFIED:20251025T210043Z
TRANSP:TRANSPARENT
END:VEVENT
BEGIN:VEVENT
SUMMARY:Día Nacional de la Memoria por la Verdad y la Justicia (All excep
 t E\, F)
DTSTART;VALUE=DATE:20260324
DTEND;VALUE=DATE:20260325
DTSTAMP:20251025T210043Z
UID:385454b2b4d04e46fbfd3cbfdb32780d50098633
CATEGORIES:Holidays
CLASS:public
DESCRIPTION:Día Nacional de la Memoria por la Verdad y la Justicia (All e
 xcept E\, F)
LAST-MODIFIED:20251025T210043Z
TRANSP:TRANSPARENT
END:VEVENT
BEGIN:VEVENT
SUMMARY:Paso a la Inmortalidad del General Don Manuel Belgrano (All except
  Corrientes)
DTSTART;VALUE=DATE:20260620
DTEND;VALUE=DATE:20260621
DTSTAMP:20251025T210043Z
UID:918d8d3908621e6c2fa79e645ebc29d48bf4e527
CATEGORIES:Holidays
CLASS:public
DESCRIPTION:Paso a la Inmortalidad del General Don Manuel Belgrano (All ex
 cept Corrientes)
LAST-MODIFIED:20251025T210043Z
TRANSP:TRANSPARENT
END:VEVENT
BEGIN:VEVENT
SUMMARY:Paso a la Inmortalidad del General Don José de San Martín (All e
 xcept Corrientes)
DTSTART;VALUE=DATE:20260817
DTEND;VALUE=DATE:20260818
DTSTAMP:20251025T210043Z
UID:93e006a2ff9b836df6308e2237abbe2cceb97b65
CATEGORIES:Holidays
CLASS:public
DESCRIPTION:Paso a la Inmortalidad del General Don José de San Martín (A
 ll except Corrientes)
LAST-MODIFIED:20251025T210043Z
TRANSP:TRANSPARENT
END:VEVENT
BEGIN:VEVENT
SUMMARY:Día del Trabajador del Estado (All except Entre Ríos)
DTSTART;VALUE=DATE:20260627
DTEND;VALUE=DATE:20260628
DTSTAMP:20251025T210043Z
UID:3fcbc59f83e36b4995419cbbf439a4d3d3e7a9a1
CATEGORIES:Holidays
CLASS:public
DESCRIPTION:Día del Trabajador del Estado (All except Entre Ríos)
LAST-MODIFIED:20251025T210043Z
TRANSP:TRANSPARENT
END:VEVENT
BEGIN:VEVENT
SUMMARY:Año Nuevo Judío (Rosh Hashana)\; Festividades del Señor y de la
  Virgen del Milagro (Salta)
DTSTART;VALUE=DATE:20260913
DTEND;VALUE=DATE:20260914
DTSTAMP:20251025T210043Z
UID:0444e4a7bc24abad75198d4a50831f51a5c0c0d4
CATEGORIES:Holidays
CLASS:public
DESCRIPTION:Año Nuevo Judío (Rosh Hashana)\; Festividades del Señor y d
 e la Virgen del Milagro (Salta)
LAST-MODIFIED:20251025T210043Z
TRANSP:TRANSPARENT
END:VEVENT
BEGIN:VEVENT
SUMMARY:Aniversario de la Batalla de Salta (Salta)
DTSTART;VALUE=DATE:20260220
DTEND;VALUE=DATE:20260221
DTSTAMP:20251025T210043Z
UID:c316d0b431f6908f136931f69079d4e784025c88
CATEGORIES:Holidays
CLASS:public
DESCRIPTION:Aniversario de la Batalla de Salta (Salta)
LAST-MODIFIED:20251025T210043Z
TRANSP:TRANSPARENT
END:VEVENT
BEGIN:VEVENT
SUMMARY:Dia de la memoria del Guerrero de la Independencia y Gobernador de
  la Provincia de Salta General Don Martín Miguel de Güemes (Salta)
DTSTART;VALUE=DATE:20260617
DTEND;VALUE=DATE:20260618
DTSTAMP:20251025T210043Z
UID:fa9facce5b3c093fec639443d30a9c9dcddd3a4b
CATEGORIES:Holidays
CLASS:public
DESCRIPTION:Dia de la memoria del Guerrero de la Independencia y Gobernado
 r de la Provincia de Salta General Don Martín Miguel de Güemes (Salta)
LAST-MODIFIED:20251025T210043Z
TRANSP:TRANSPARENT
END:VEVENT
BEGIN:VEVENT
SUMMARY:Festividades del Señor y de la Virgen del Milagro (Salta)
DTSTART;VALUE=DATE:20260914
DTEND;VALUE=DATE:20260915
DTSTAMP:20251025T210043Z
UID:e4f749539fa9fccc264a1a8b5ca70aaf1a61ac61
CATEGORIES:Holidays
CLASS:public
DESCRIPTION:Festividades del Señor y de la Virgen del Milagro (Salta)
LAST-MODIFIED:20251025T210043Z
TRANSP:TRANSPARENT
END:VEVENT
BEGIN:VEVENT
SUMMARY:Festividades del Señor y de la Virgen del Milagro (Salta)
DTSTART;VALUE=DATE:20260915
DTEND;VALUE=DATE:20260916
DTSTAMP:20251025T210043Z
UID:9053669c0ccf52e4c8c58eebc5da4c640538b6b2
CATEGORIES:Holidays
CLASS:public
DESCRIPTION:Festividades del Señor y de la Virgen del Milagro (Salta)
LAST-MODIFIED:20251025T210043Z
TRANSP:TRANSPARENT
END:VEVENT
BEGIN:VEVENT
SUMMARY:Año Nuevo Judío (Rosh Hashana) (All except Salta)
DTSTART;VALUE=DATE:20260913
DTEND;VALUE=DATE:20260914
DTSTAMP:20251025T210043Z
UID:e2095f7dfc27103f44ec18c49b86c356c8567192
CATEGORIES:Holidays
CLASS:public
DESCRIPTION:Año Nuevo Judío (Rosh Hashana) (All except Salta)
LAST-MODIFIED:20251025T210043Z
TRANSP:TRANSPARENT
END:VEVENT
BEGIN:VEVENT
SUMMARY:Día de la Exaltación de la Santa Cruz (San Luis)
DTSTART;VALUE=DATE:20260503
DTEND;VALUE=DATE:20260504
DTSTAMP:20251025T210043Z
UID:2c3ead8a0e4948a4d59d99a9274213ae1446ccd8
CATEGORIES:Holidays
CLASS:public
DESCRIPTION:Día de la Exaltación de la Santa Cruz (San Luis)
LAST-MODIFIED:20251025T210043Z
TRANSP:TRANSPARENT
END:VEVENT
BEGIN:VEVENT
SUMMARY:Día de San Luis Rey de Francia (San Luis)
DTSTART;VALUE=DATE:20260825
DTEND;VALUE=DATE:20260826
DTSTAMP:20251025T210043Z
UID:7a3e300953c85e1f4257eb516421aa8a139854ef
CATEGORIES:Holidays
CLASS:public
DESCRIPTION:Día de San Luis Rey de Francia (San Luis)
LAST-MODIFIED:20251025T210043Z
TRANSP:TRANSPARENT
END:VEVENT
BEGIN:VEVENT
SUMMARY:Día Nacional de la Memoria por la Verdad y la Justicia\; Día Pro
 vincial de la Memoria por la Verdad y la Justicia (Entre Ríos)
DTSTART;VALUE=DATE:20260324
DTEND;VALUE=DATE:20260325
DTSTAMP:20251025T210043Z
UID:e9f21443e77ceb16b998f0c2c7742cae10b9dbe1
CATEGORIES:Holidays
CLASS:public
DESCRIPTION:Día Nacional de la Memoria por la Verdad y la Justicia\; Día
  Provincial de la Memoria por la Verdad y la Justicia (Entre Ríos)
LAST-MODIFIED:20251025T210043Z
TRANSP:TRANSPARENT
END:VEVENT
BEGIN:VEVENT
SUMMARY:Día del Trabajador Estatal\; Día del Trabajador del Estado (Entr
 e Ríos)
DTSTART;VALUE=DATE:20260627
DTEND;VALUE=DATE:20260628
DTSTAMP:20251025T210043Z
UID:ea663d40990ca3cd848e5747ae68913064fdbda5
CATEGORIES:Holidays
CLASS:public
DESCRIPTION:Día del Trabajador Estatal\; Día del Trabajador del Estado (
 Entre Ríos)
LAST-MODIFIED:20251025T210043Z
TRANSP:TRANSPARENT
END:VEVENT
BEGIN:VEVENT
SUMMARY:Conmemoración de la Batalla de Caseros (Entre Ríos)
DTSTART;VALUE=DATE:20260203
DTEND;VALUE=DATE:20260204
DTSTAMP:20251025T210043Z
UID:9908b0f9c8ba14efea08c19898ff505a2894792c
CATEGORIES:Holidays
CLASS:public
DESCRIPTION:Conmemoración de la Batalla de Caseros (Entre Ríos)
LAST-MODIFIED:20251025T210043Z
TRANSP:TRANSPARENT
END:VEVENT
BEGIN:VEVENT
SUMMARY:San Miguel Arcángel (Entre Ríos)
DTSTART;VALUE=DATE:20260929
DTEND;VALUE=DATE:20260930
DTSTAMP:20251025T210043Z
UID:c7ee2263acf295fa28fac9090d862fdf8ea3100f
CATEGORIES:Holidays
CLASS:public
DESCRIPTION:San Miguel Arcángel (Entre Ríos)
LAST-MODIFIED:20251025T210043Z
TRANSP:TRANSPARENT
END:VEVENT
BEGIN:VEVENT
SUMMARY:Día del fallecimiento de Juan Facundo Quiroga\; Lunes de Carnaval
  (La Rioja)
DTSTART;VALUE=DATE:20260216
DTEND;VALUE=DATE:20260217
DTSTAMP:20251025T210043Z
UID:87b1f4a1705995e1684ad582670f010c3d679ec4
CATEGORIES:Holidays
CLASS:public
DESCRIPTION:Día del fallecimiento de Juan Facundo Quiroga\; Lunes de Carn
 aval (La Rioja)
LAST-MODIFIED:20251025T210043Z
TRANSP:TRANSPARENT
END:VEVENT
BEGIN:VEVENT
SUMMARY:Día Nacional de la Memoria por la Verdad y la Justicia\; Día de 
 la Memoria por la Verdad y la Justicia (La Rioja)
DTSTART;VALUE=DATE:20260324
DTEND;VALUE=DATE:20260325
DTSTAMP:20251025T210043Z
UID:068fe7872c8863d6182e67f9e4e0317869166b23
CATEGORIES:Holidays
CLASS:public
DESCRIPTION:Día Nacional de la Memoria por la Verdad y la Justicia\; Día
  de la Memoria por la Verdad y la Justicia (La Rioja)
LAST-MODIFIED:20251025T210043Z
TRANSP:TRANSPARENT
END:VEVENT
BEGIN:VEVENT
SUMMARY:Día de la Autonomía Provincial (La Rioja)
DTSTART;VALUE=DATE:20260301
DTEND;VALUE=DATE:20260302
DTSTAMP:20251025T210043Z
UID:88093bcf73929d27b8768a4a2044341628483dee
CATEGORIES:Holidays
CLASS:public
DESCRIPTION:Día de la Autonomía Provincial (La Rioja)
LAST-MODIFIED:20251025T210043Z
TRANSP:TRANSPARENT
END:VEVENT
BEGIN:VEVENT
SUMMARY:Día de la fundación de La Rioja (La Rioja)
DTSTART;VALUE=DATE:20260520
DTEND;VALUE=DATE:20260521
DTSTAMP:20251025T210043Z
UID:3b4edc1345d21009d55671aa7515e25ca243635b
CATEGORIES:Holidays
CLASS:public
DESCRIPTION:Día de la fundación de La Rioja (La Rioja)
LAST-MODIFIED:20251025T210043Z
TRANSP:TRANSPARENT
END:VEVENT
BEGIN:VEVENT
SUMMARY:Día del Aniversario del Fallecimiento de Monseñor Enrique Angele
 lli (La Rioja)
DTSTART;VALUE=DATE:20260804
DTEND;VALUE=DATE:20260805
DTSTAMP:20251025T210043Z
UID:58b505f0666fce43e26cc45f985018009d809bca
CATEGORIES:Holidays
CLASS:public
DESCRIPTION:Día del Aniversario del Fallecimiento de Monseñor Enrique An
 gelelli (La Rioja)
LAST-MODIFIED:20251025T210043Z
TRANSP:TRANSPARENT
END:VEVENT
BEGIN:VEVENT
SUMMARY:Día del Aniversario del Fallecimiento de Ángel Vicente Peñaloza
  (La Rioja)
DTSTART;VALUE=DATE:20261112
DTEND;VALUE=DATE:20261113
DTSTAMP:20251025T210043Z
UID:fc788cb2e51373471e11640e942276e04fdfd608
CATEGORIES:Holidays
CLASS:public
DESCRIPTION:Día del Aniversario del Fallecimiento de Ángel Vicente Peña
 loza (La Rioja)
LAST-MODIFIED:20251025T210043Z
TRANSP:TRANSPARENT
END:VEVENT
BEGIN:VEVENT
SUMMARY:Día del Tinkunaco Riojano (La Rioja)
DTSTART;VALUE=DATE:20261231
DTEND;VALUE=DATE:20270101
DTSTAMP:20251025T210043Z
UID:92a2c903d3a3b320ae8dc26defc89d01d3e96c4d
CATEGORIES:Holidays
CLASS:public
DESCRIPTION:Día del Tinkunaco Riojano (La Rioja)
LAST-MODIFIED:20251025T210043Z
TRANSP:TRANSPARENT
END:VEVENT
BEGIN:VEVENT
SUMMARY:Día del Maestro (San Juan)
DTSTART;VALUE=DATE:20260911
DTEND;VALUE=DATE:20260912
DTSTAMP:20251025T210043Z
UID:148e08a8dbc11f4efb92a6c6c4da16f1c0f2ff99
CATEGORIES:Holidays
CLASS:public
DESCRIPTION:Día del Maestro (San Juan)
LAST-MODIFIED:20251025T210043Z
TRANSP:TRANSPARENT
END:VEVENT
BEGIN:VEVENT
SUMMARY:Natalicio de Fray Mamerto Esquiú (Catamarca)
DTSTART;VALUE=DATE:20260511
DTEND;VALUE=DATE:20260512
DTSTAMP:20251025T210043Z
UID:391331a88ca6e4e42e9a22051ea9fa6a204bbb4b
CATEGORIES:Holidays
CLASS:public
DESCRIPTION:Natalicio de Fray Mamerto Esquiú (Catamarca)
LAST-MODIFIED:20251025T210043Z
TRANSP:TRANSPARENT
END:VEVENT
BEGIN:VEVENT
SUMMARY:Autonomía de Catamarca (Catamarca)
DTSTART;VALUE=DATE:20260825
DTEND;VALUE=DATE:20260826
DTSTAMP:20251025T210043Z
UID:86cef59adc3828b6a95fd125569949151067503b
CATEGORIES:Holidays
CLASS:public
DESCRIPTION:Autonomía de Catamarca (Catamarca)
LAST-MODIFIED:20251025T210043Z
TRANSP:TRANSPARENT
END:VEVENT
BEGIN:VEVENT
SUMMARY:Día del Milagro (Catamarca)
DTSTART;VALUE=DATE:20260907
DTEND;VALUE=DATE:20260908
DTSTAMP:20251025T210043Z
UID:59dc3a038a4e3fd86ae619e9f3232bd0adbab01c
CATEGORIES:Holidays
CLASS:public
DESCRIPTION:Día del Milagro (Catamarca)
LAST-MODIFIED:20251025T210043Z
TRANSP:TRANSPARENT
END:VEVENT
BEGIN:VEVENT
SUMMARY:Día del Apóstol Santiago (Mendoza)
DTSTART;VALUE=DATE:20260725
DTEND;VALUE=DATE:20260726
DTSTAMP:20251025T210043Z
UID:ad81e26960b4a3518dd9099ef59c625bf81fdd91
CATEGORIES:Holidays
CLASS:public
DESCRIPTION:Día del Apóstol Santiago (Mendoza)
LAST-MODIFIED:20251025T210043Z
TRANSP:TRANSPARENT
END:VEVENT
BEGIN:VEVENT
SUMMARY:Aniversario de la Batalla de Tucumán (Tucumán)
DTSTART;VALUE=DATE:20260924
DTEND;VALUE=DATE:20260925
DTSTAMP:20251025T210043Z
UID:e7c5ec1992599fec32d39447165912a7bdf6e75a
CATEGORIES:Holidays
CLASS:public
DESCRIPTION:Aniversario de la Batalla de Tucumán (Tucumán)
LAST-MODIFIED:20251025T210043Z
TRANSP:TRANSPARENT
END:VEVENT
BEGIN:VEVENT
SUMMARY:Plebiscito 1902 Trevelin (Chubut)
DTSTART;VALUE=DATE:20260430
DTEND;VALUE=DATE:20260501
DTSTAMP:20251025T210043Z
UID:89d3924884113a7731872e830e1d106cab846c73
CATEGORIES:Holidays
CLASS:public
DESCRIPTION:Plebiscito 1902 Trevelin (Chubut)
LAST-MODIFIED:20251025T210043Z
TRANSP:TRANSPARENT
END:VEVENT
BEGIN:VEVENT
SUMMARY:Aniversario del arribo de los primeros colonizadores galeses (Chub
 ut)
DTSTART;VALUE=DATE:20260728
DTEND;VALUE=DATE:20260729
DTSTAMP:20251025T210043Z
UID:8148ad6d283f48b27ded6e57b52c468fd5d20488
CATEGORIES:Holidays
CLASS:public
DESCRIPTION:Aniversario del arribo de los primeros colonizadores galeses (
 Chubut)
LAST-MODIFIED:20251025T210043Z
TRANSP:TRANSPARENT
END:VEVENT
BEGIN:VEVENT
SUMMARY:Día del Petróleo Nacional (Chubut)
DTSTART;VALUE=DATE:20261213
DTEND;VALUE=DATE:20261214
DTSTAMP:20251025T210043Z
UID:d8e916644db9003f3fc6e94f640ff60fc9f156ae
CATEGORIES:Holidays
CLASS:public
DESCRIPTION:Día del Petróleo Nacional (Chubut)
LAST-MODIFIED:20251025T210043Z
TRANSP:TRANSPARENT
END:VEVENT
BEGIN:VEVENT
SUMMARY:Tehuelches y Mapuches declaran lealtad a la bandera Argentina (Chu
 but)
DTSTART;VALUE=DATE:20261103
DTEND;VALUE=DATE:20261104
DTSTAMP:20251025T210043Z
UID:5356560529c55debbc6eb76255a14e7a2ac05828
CATEGORIES:Holidays
CLASS:public
DESCRIPTION:Tehuelches y Mapuches declaran lealtad a la bandera Argentina 
 (Chubut)
LAST-MODIFIED:20251025T210043Z
TRANSP:TRANSPARENT
END:VEVENT
BEGIN:VEVENT
SUMMARY:Día de la Provincia de Tierra del Fuego\, Antártida e Islas del 
 Atlántico Sur (Tierra del Fuego)
DTSTART;VALUE=DATE:20260601
DTEND;VALUE=DATE:20260602
DTSTAMP:20251025T210043Z
UID:6dbebae0e17c1fc9331c8a1730a6c059dc225e85
CATEGORIES:Holidays
CLASS:public
DESCRIPTION:Día de la Provincia de Tierra del Fuego\, Antártida e Islas 
 del Atlántico Sur (Tierra del Fuego)
LAST-MODIFIED:20251025T210043Z
TRANSP:TRANSPARENT
END:VEVENT
BEGIN:VEVENT
SUMMARY:Día del Genocidio Selk'Nam (Tierra del Fuego)
DTSTART;VALUE=DATE:20261125
DTEND;VALUE=DATE:20261126
DTSTAMP:20251025T210043Z
UID:a5e3f68383e4e493b0305b9d71d5d97e48977d69
CATEGORIES:Holidays
CLASS:public
DESCRIPTION:Día del Genocidio Selk'Nam (Tierra del Fuego)
LAST-MODIFIED:20251025T210043Z
TRANSP:TRANSPARENT
END:VEVENT
BEGIN:VEVENT
SUMMARY:Día del Aniversario del Fallecimiento del General Manuel José Jo
 aquín del Corazón de Jesús Belgrano\; Paso a la Inmortalidad del Genera
 l Don Manuel Belgrano (Corrientes)
DTSTART;VALUE=DATE:20260620
DTEND;VALUE=DATE:20260621
DTSTAMP:20251025T210043Z
UID:d6086cf6f077e7178a57def3f98650869429b48d
CATEGORIES:Holidays
CLASS:public
DESCRIPTION:Día del Aniversario del Fallecimiento del General Manuel Jos
 é Joaquín del Corazón de Jesús Belgrano\; Paso a la Inmortalidad del G
 eneral Don Manuel Belgrano (Corrientes)
LAST-MODIFIED:20251025T210043Z
TRANSP:TRANSPARENT
END:VEVENT
BEGIN:VEVENT
SUMMARY:Día del Aniversario del Fallecimiento del General José Francisco
  de San Martín\; Paso a la Inmortalidad del General Don José de San Mart
 ín (Corrientes)
DTSTART;VALUE=DATE:20260817
DTEND;VALUE=DATE:20260818
DTSTAMP:20251025T210043Z
UID:c95d29fe5895d2ee50a9af5a671232dafec71da8
CATEGORIES:Holidays
CLASS:public
DESCRIPTION:Día del Aniversario del Fallecimiento del General José Franc
 isco de San Martín\; Paso a la Inmortalidad del General Don José de San 
 Martín (Corrientes)
LAST-MODIFIED:20251025T210043Z
TRANSP:TRANSPARENT
END:VEVENT
BEGIN:VEVENT
SUMMARY:Día del Éxodo Jujeño (Jujuy)
DTSTART;VALUE=DATE:20260823
DTEND;VALUE=DATE:20260824
DTSTAMP:20251025T210043Z
UID:1277bf5ee16f799d95fcd5a87de8355da4e6d1c8
CATEGORIES:Holidays
CLASS:public
DESCRIPTION:Día del Éxodo Jujeño (Jujuy)
LAST-MODIFIED:20251025T210043Z
TRANSP:TRANSPARENT
END:VEVENT
BEGIN:VEVENT
SUMMARY:Autonomía Política de Jujuy (Jujuy)
DTSTART;VALUE=DATE:20261118
DTEND;VALUE=DATE:20261119
DTSTAMP:20251025T210043Z
UID:518b0ecc316d27b13f52946c423d2eedf706cc6e
CATEGORIES:Holidays
CLASS:public
DESCRIPTION:Autonomía Política de Jujuy (Jujuy)
LAST-MODIFIED:20251025T210043Z
TRANSP:TRANSPARENT
END:VEVENT
BEGIN:VEVENT
SUMMARY:Día de la Pachamama (Jujuy)
DTSTART;VALUE=DATE:20260801
DTEND;VALUE=DATE:20260802
DTSTAMP:20251025T210043Z
UID:fc4f2b34508f7df3e927b7a1042bdea42688a058
CATEGORIES:Holidays
CLASS:public
DESCRIPTION:Día de la Pachamama (Jujuy)
LAST-MODIFIED:20251025T210043Z
TRANSP:TRANSPARENT
END:VEVENT
BEGIN:VEVENT
SUMMARY:Día de la Virgen del Rosario de Río Blanco y Paypaya (Jujuy)
DTSTART;VALUE=DATE:20261007
DTEND;VALUE=DATE:20261008
DTSTAMP:20251025T210043Z
UID:b2bbab062fb5e3a2399b240fe86bb52e5a69e663
CATEGORIES:Holidays
CLASS:public
DESCRIPTION:Día de la Virgen del Rosario de Río Blanco y Paypaya (Jujuy)
LAST-MODIFIED:20251025T210043Z
TRANSP:TRANSPARENT
END:VEVENT
BEGIN:VEVENT
SUMMARY:Día Grande de Jujuy (Jujuy)
DTSTART;VALUE=DATE:20260427
DTEND;VALUE=DATE:20260428
DTSTAMP:20251025T210043Z
UID:7f91f1d72db9b16d75fb1ecf31704a7b4e2b149f
CATEGORIES:Holidays
CLASS:public
DESCRIPTION:Día Grande de Jujuy (Jujuy)
LAST-MODIFIED:20251025T210043Z
TRANSP:TRANSPARENT
END:VEVENT
BEGIN:VEVENT
SUMMARY:Homenaje al Patrono de la Provincia San Juan Bosco (Santa Cruz)
DTSTART;VALUE=DATE:20260816
DTEND;VALUE=DATE:20260817
DTSTAMP:20251025T210043Z
UID:2436c48873d291b6c3616b42384ea1424a0c2138
CATEGORIES:Holidays
CLASS:public
DESCRIPTION:Homenaje al Patrono de la Provincia San Juan Bosco (Santa Cruz
 )
LAST-MODIFIED:20251025T210043Z
TRANSP:TRANSPARENT
END:VEVENT
BEGIN:VEVENT
SUMMARY:Día del Aniversario del Fallecimiento del ex Presidente de la Nac
 ión Doctor Néstor Carlos Kirchner (Santa Cruz)
DTSTART;VALUE=DATE:20261027
DTEND;VALUE=DATE:20261028
DTSTAMP:20251025T210043Z
UID:81a3b6d9f85764b2b1ca4a9b9530dd9724d01098
CATEGORIES:Holidays
CLASS:public
DESCRIPTION:Día del Aniversario del Fallecimiento del ex Presidente de la
  Nación Doctor Néstor Carlos Kirchner (Santa Cruz)
LAST-MODIFIED:20251025T210043Z
TRANSP:TRANSPARENT
END:VEVENT
BEGIN:VEVENT
SUMMARY:Conmemoración a los obreros fusilados en las Huelgas Patagónicas
  (Santa Cruz)
DTSTART;VALUE=DATE:20261207
DTEND;VALUE=DATE:20261208
DTSTAMP:20251025T210043Z
UID:9e691a3b4b1a255fc78d9d090fb8673800b44b1f
CATEGORIES:Holidays
CLASS:public
DESCRIPTION:Conmemoración a los obreros fusilados en las Huelgas Patagón
 icas (Santa Cruz)
LAST-MODIFIED:20251025T210043Z
TRANSP:TRANSPARENT
END:VEVENT
BEGIN:VEVENT
SUMMARY:Año Nuevo
DTSTART;VALUE=DATE:20270101
DTEND;VALUE=DATE:20270102
DTSTAMP:20251025T210043Z
UID:770ef2c9ea790191a71de1bd881707eade501abd
CATEGORIES:Holidays
CLASS:public
DESCRIPTION:Año Nuevo
LAST-MODIFIED:20251025T210043Z
TRANSP:OPAQUE
END:VEVENT
BEGIN:VEVENT
SUMMARY:Lunes de Carnaval
DTSTART;VALUE=DATE:20270208
DTEND;VALUE=DATE:20270209
DTSTAMP:20251025T210043Z
UID:888ea53dbf683d76b5904671b1bbbfb5eb015a1b
CATEGORIES:Holidays
CLASS:public
DESCRIPTION:Lunes de Carnaval
LAST-MODIFIED:20251025T210043Z
TRANSP:OPAQUE
END:VEVENT
BEGIN:VEVENT
SUMMARY:Martes de Carnaval
DTSTART;VALUE=DATE:20270209
DTEND;VALUE=DATE:20270210
DTSTAMP:20251025T210043Z
UID:5193e56a17946f074a37b6e5d2035c0cb7fadafb
CATEGORIES:Holidays
CLASS:public
DESCRIPTION:Martes de Carnaval
LAST-MODIFIED:20251025T210043Z
TRANSP:OPAQUE
END:VEVENT
BEGIN:VEVENT
SUMMARY:Día del Veterano y de los Caidos en la Guerra de Malvinas
DTSTART;VALUE=DATE:20270402
DTEND;VALUE=DATE:20270403
DTSTAMP:20251025T210043Z
UID:21807c290c8e58eebfb43ccd9400e5f8209cf2b3
CATEGORIES:Holidays
CLASS:public
DESCRIPTION:Día del Veterano y de los Caidos en la Guerra de Malvinas
LAST-MODIFIED:20251025T210043Z
TRANSP:OPAQUE
END:VEVENT
BEGIN:VEVENT
SUMMARY:Jueves Santo
DTSTART;VALUE=DATE:20270325
DTEND;VALUE=DATE:20270326
DTSTAMP:20251025T210043Z
UID:fc70df09b09ede1586e434461c096051068b00d9
CATEGORIES:Holidays
CLASS:public
DESCRIPTION:Jueves Santo
LAST-MODIFIED:20251025T210043Z
TRANSP:OPAQUE
END:VEVENT
BEGIN:VEVENT
SUMMARY:Viernes Santo
DTSTART;VALUE=DATE:20270326
DTEND;VALUE=DATE:20270327
DTSTAMP:20251025T210043Z
UID:4beffdcb73be6f6716a1ce941d001beb5fb13306
CATEGORIES:Holidays
CLASS:public
DESCRIPTION:Viernes Santo
LAST-MODIFIED:20251025T210043Z
TRANSP:OPAQUE
END:VEVENT
BEGIN:VEVENT
SUMMARY:Día del Trabajo
DTSTART;VALUE=DATE:20270501
DTEND;VALUE=DATE:20270502
DTSTAMP:20251025T210043Z
UID:05aa9b3fb2a406addd7a6b9b6bbaf569752e4cad
CATEGORIES:Holidays
CLASS:public
DESCRIPTION:Día del Trabajo
LAST-MODIFIED:20251025T210043Z
TRANSP:OPAQUE
END:VEVENT
BEGIN:VEVENT
SUMMARY:Día de la Revolución de Mayo
DTSTART;VALUE=DATE:20270525
DTEND;VALUE=DATE:20270526
DTSTAMP:20251025T210043Z
UID:14349d998c3e76b7a8b699e2122ec79a8055cbc2
CATEGORIES:Holidays
CLASS:public
DESCRIPTION:Día de la Revolución de Mayo
LAST-MODIFIED:20251025T210043Z
TRANSP:OPAQUE
END:VEVENT
BEGIN:VEVENT
SUMMARY:Paso a la Inmortalidad del General Don Martín Miguel de Güemes
DTSTART;VALUE=DATE:20270621
DTEND;VALUE=DATE:20270622
DTSTAMP:20251025T210043Z
UID:5b8846bd2f696e9a59330895c004ce7b66848cdd
CATEGORIES:Holidays
CLASS:public
DESCRIPTION:Paso a la Inmortalidad del General Don Martín Miguel de Güem
 es
LAST-MODIFIED:20251025T210043Z
TRANSP:OPAQUE
END:VEVENT
BEGIN:VEVENT
SUMMARY:Día de la Independencia
DTSTART;VALUE=DATE:20270709
DTEND;VALUE=DATE:20270710
DTSTAMP:20251025T210043Z
UID:62aca9fc666fc548b1581c64fbdad5591fb513c9
CATEGORIES:Holidays
CLASS:public
DESCRIPTION:Día de la Independencia
LAST-MODIFIED:20251025T210043Z
TRANSP:OPAQUE
END:VEVENT
BEGIN:VEVENT
SUMMARY:Día del Perdón (Iom Kipur)\; Día del Respeto a la Diversidad Cu
 ltural
DTSTART;VALUE=DATE:20271011
DTEND;VALUE=DATE:20271012
DTSTAMP:20251025T210043Z
UID:44f60d62e90c93e8afff7dd934290fd0f9b413f4
CATEGORIES:Holidays
CLASS:public
DESCRIPTION:Día del Perdón (Iom Kipur)\; Día del Respeto a la Diversida
 d Cultural
LAST-MODIFIED:20251025T210043Z
TRANSP:OPAQUE
END:VEVENT
BEGIN:VEVENT
SUMMARY:Día de la Soberanía Nacional
DTSTART;VALUE=DATE:20271120
DTEND;VALUE=DATE:20271121
DTSTAMP:20251025T210043Z
UID:64dd3eb4065eea5878c423cbcc6c62cfbe90f748
CATEGORIES:Holidays
CLASS:public
DESCRIPTION:Día de la Soberanía Nacional
LAST-MODIFIED:20251025T210043Z
TRANSP:OPAQUE
END:VEVENT
BEGIN:VEVENT
SUMMARY:Inmaculada Concepción de María
DTSTART;VALUE=DATE:20271208
DTEND;VALUE=DATE:20271209
DTSTAMP:20251025T210043Z
UID:4c77795d25d97e4c27703370519630a3199238a3
CATEGORIES:Holidays
CLASS:public
DESCRIPTION:Inmaculada Concepción de María
LAST-MODIFIED:20251025T210043Z
TRANSP:OPAQUE
END:VEVENT
BEGIN:VEVENT
SUMMARY:Navidad
DTSTART;VALUE=DATE:20271225
DTEND;VALUE=DATE:20271226
DTSTAMP:20251025T210043Z
UID:d5730a46b89b0556294c23c2bf2c98c47fbd0eb6
CATEGORIES:Holidays
CLASS:public
DESCRIPTION:Navidad
LAST-MODIFIED:20251025T210043Z
TRANSP:OPAQUE
END:VEVENT
BEGIN:VEVENT
SUMMARY:Día de acción por la tolerancia y el respeto entre los pueblos
DTSTART;VALUE=DATE:20270424
DTEND;VALUE=DATE:20270425
DTSTAMP:20251025T210043Z
UID:9b45afd3c70f8be7d0a6e7f8d806483f96f8f707
CATEGORIES:Holidays
CLASS:public
DESCRIPTION:Día de acción por la tolerancia y el respeto entre los puebl
 os
LAST-MODIFIED:20251025T210043Z
TRANSP:OPAQUE
END:VEVENT
BEGIN:VEVENT
SUMMARY:Día del Bancario
DTSTART;VALUE=DATE:20271106
DTEND;VALUE=DATE:20271107
DTSTAMP:20251025T210043Z
UID:db618c2dd306da03ef05af8c1011e1a80c263843
CATEGORIES:Holidays
CLASS:public
DESCRIPTION:Día del Bancario
LAST-MODIFIED:20251025T210043Z
TRANSP:OPAQUE
END:VEVENT
BEGIN:VEVENT
SUMMARY:Año Nuevo Judío (Rosh Hashana)
DTSTART;VALUE=DATE:20271002
DTEND;VALUE=DATE:20271003
DTSTAMP:20251025T210043Z
UID:aade3ba543fac44fcf070f029ac520293644a5c6
CATEGORIES:Holidays
CLASS:public
DESCRIPTION:Año Nuevo Judío (Rosh Hashana)
LAST-MODIFIED:20251025T210043Z
TRANSP:OPAQUE
END:VEVENT
BEGIN:VEVENT
SUMMARY:Año Nuevo Judío (Rosh Hashana)
DTSTART;VALUE=DATE:20271003
DTEND;VALUE=DATE:20271004
DTSTAMP:20251025T210043Z
UID:490556893581639c6eca8e722dfa98fa7d15a640
CATEGORIES:Holidays
CLASS:public
DESCRIPTION:Año Nuevo Judío (Rosh Hashana)
LAST-MODIFIED:20251025T210043Z
TRANSP:OPAQUE
END:VEVENT
BEGIN:VEVENT
SUMMARY:Pascua Judía (Pésaj)
DTSTART;VALUE=DATE:20270422
DTEND;VALUE=DATE:20270423
DTSTAMP:20251025T210043Z
UID:770d266c6359cf10e16a6de38a702e21cb6e2098
CATEGORIES:Holidays
CLASS:public
DESCRIPTION:Pascua Judía (Pésaj)
LAST-MODIFIED:20251025T210043Z
TRANSP:OPAQUE
END:VEVENT
BEGIN:VEVENT
SUMMARY:Pascua Judía (Pésaj)
DTSTART;VALUE=DATE:20270423
DTEND;VALUE=DATE:20270424
DTSTAMP:20251025T210043Z
UID:b80a97321f7a3a62735c03631819889a7d5fd1a2
CATEGORIES:Holidays
CLASS:public
DESCRIPTION:Pascua Judía (Pésaj)
LAST-MODIFIED:20251025T210043Z
TRANSP:OPAQUE
END:VEVENT
BEGIN:VEVENT
SUMMARY:Pascua Judía (Pésaj)
DTSTART;VALUE=DATE:20270428
DTEND;VALUE=DATE:20270429
DTSTAMP:20251025T210043Z
UID:21e0f815900210d3f72a7a66423f1ca04cc60bd4
CATEGORIES:Holidays
CLASS:public
DESCRIPTION:Pascua Judía (Pésaj)
LAST-MODIFIED:20251025T210043Z
TRANSP:OPAQUE
END:VEVENT
BEGIN:VEVENT
SUMMARY:Pascua Judía (Pésaj)
DTSTART;VALUE=DATE:20270429
DTEND;VALUE=DATE:20270430
DTSTAMP:20251025T210043Z
UID:46457eb786bbfa2c22ea24cdd350e9ab003971d3
CATEGORIES:Holidays
CLASS:public
DESCRIPTION:Pascua Judía (Pésaj)
LAST-MODIFIED:20251025T210043Z
TRANSP:OPAQUE
END:VEVENT
BEGIN:VEVENT
SUMMARY:Año Nuevo Musulmán (Hégira) (estimado)
DTSTART;VALUE=DATE:20270606
DTEND;VALUE=DATE:20270607
DTSTAMP:20251025T210043Z
UID:a1f2ae283166d137397b0e5e38d94648158ab069
CATEGORIES:Holidays
CLASS:public
DESCRIPTION:Año Nuevo Musulmán (Hégira) (estimado)
LAST-MODIFIED:20251025T210043Z
TRANSP:OPAQUE
END:VEVENT
BEGIN:VEVENT
SUMMARY:Día posterior a la culminación del ayuno (Id Al-Fitr) (estimado)
DTSTART;VALUE=DATE:20270309
DTEND;VALUE=DATE:20270310
DTSTAMP:20251025T210043Z
UID:a117d51c73c249081e8888a7a8f040942e638320
CATEGORIES:Holidays
CLASS:public
DESCRIPTION:Día posterior a la culminación del ayuno (Id Al-Fitr) (estim
 ado)
LAST-MODIFIED:20251025T210043Z
TRANSP:OPAQUE
END:VEVENT
BEGIN:VEVENT
SUMMARY:Día de la Fiesta del Sacrificio (Id Al-Adha) (estimado)
DTSTART;VALUE=DATE:20270516
DTEND;VALUE=DATE:20270517
DTSTAMP:20251025T210043Z
UID:c7237bba29c86e2d920e4d8e323a18e43229b20a
CATEGORIES:Holidays
CLASS:public
DESCRIPTION:Día de la Fiesta del Sacrificio (Id Al-Adha) (estimado)
LAST-MODIFIED:20251025T210043Z
TRANSP:OPAQUE
END:VEVENT
BEGIN:VEVENT
SUMMARY:Día Nacional de la Memoria por la Verdad y la Justicia (All excep
 t E\, F)
DTSTART;VALUE=DATE:20270324
DTEND;VALUE=DATE:20270325
DTSTAMP:20251025T210043Z
UID:8cb3ffa081e3624a0a2ffd5f85ba11c928ece031
CATEGORIES:Holidays
CLASS:public
DESCRIPTION:Día Nacional de la Memoria por la Verdad y la Justicia (All e
 xcept E\, F)
LAST-MODIFIED:20251025T210043Z
TRANSP:TRANSPARENT
END:VEVENT
BEGIN:VEVENT
SUMMARY:Paso a la Inmortalidad del General Don Manuel Belgrano (All except
  Corrientes)
DTSTART;VALUE=DATE:20270620
DTEND;VALUE=DATE:20270621
DTSTAMP:20251025T210043Z
UID:604d514fb946178e8d0af4cbdd5c404e9ef8741a
CATEGORIES:Holidays
CLASS:public
DESCRIPTION:Paso a la Inmortalidad del General Don Manuel Belgrano (All ex
 cept Corrientes)
LAST-MODIFIED:20251025T210043Z
TRANSP:TRANSPARENT
END:VEVENT
BEGIN:VEVENT
SUMMARY:Paso a la Inmortalidad del General Don José de San Martín (All e
 xcept Santa Cruz)
DTSTART;VALUE=DATE:20270816
DTEND;VALUE=DATE:20270817
DTSTAMP:20251025T210043Z
UID:a1334c0705b4a568548a68a709800dc792e1a454
CATEGORIES:Holidays
CLASS:public
DESCRIPTION:Paso a la Inmortalidad del General Don José de San Martín (A
 ll except Santa Cruz)
LAST-MODIFIED:20251025T210043Z
TRANSP:TRANSPARENT
END:VEVENT
BEGIN:VEVENT
SUMMARY:Día del Trabajador del Estado (All except Entre Ríos)
DTSTART;VALUE=DATE:20270627
DTEND;VALUE=DATE:20270628
DTSTAMP:20251025T210043Z
UID:32bb89f608fd29ba0f6b5080d1664961a2a6cf22
CATEGORIES:Holidays
CLASS:public
DESCRIPTION:Día del Trabajador del Estado (All except Entre Ríos)
LAST-MODIFIED:20251025T210043Z
TRANSP:TRANSPARENT
END:VEVENT
BEGIN:VEVENT
SUMMARY:Aniversario de la Batalla de Salta (Salta)
DTSTART;VALUE=DATE:20270220
DTEND;VALUE=DATE:20270221
DTSTAMP:20251025T210043Z
UID:16e161ffb4acfb31a2a67a6a0c034f3751e40ba7
CATEGORIES:Holidays
CLASS:public
DESCRIPTION:Aniversario de la Batalla de Salta (Salta)
LAST-MODIFIED:20251025T210043Z
TRANSP:TRANSPARENT
END:VEVENT
BEGIN:VEVENT
SUMMARY:Dia de la memoria del Guerrero de la Independencia y Gobernador de
  la Provincia de Salta General Don Martín Miguel de Güemes (Salta)
DTSTART;VALUE=DATE:20270617
DTEND;VALUE=DATE:20270618
DTSTAMP:20251025T210043Z
UID:388d9787224fb2722a830c5c6e95978731f5468d
CATEGORIES:Holidays
CLASS:public
DESCRIPTION:Dia de la memoria del Guerrero de la Independencia y Gobernado
 r de la Provincia de Salta General Don Martín Miguel de Güemes (Salta)
LAST-MODIFIED:20251025T210043Z
TRANSP:TRANSPARENT
END:VEVENT
BEGIN:VEVENT
SUMMARY:Festividades del Señor y de la Virgen del Milagro (Salta)
DTSTART;VALUE=DATE:20270913
DTEND;VALUE=DATE:20270914
DTSTAMP:20251025T210043Z
UID:c49612c54b0f1f8661021862497ef5fc4fc5a9e9
CATEGORIES:Holidays
CLASS:public
DESCRIPTION:Festividades del Señor y de la Virgen del Milagro (Salta)
LAST-MODIFIED:20251025T210043Z
TRANSP:TRANSPARENT
END:VEVENT
BEGIN:VEVENT
SUMMARY:Festividades del Señor y de la Virgen del Milagro (Salta)
DTSTART;VALUE=DATE:20270914
DTEND;VALUE=DATE:20270915
DTSTAMP:20251025T210043Z
UID:f4411b880fbbe7751553f080bc53d6dc9a7447b8
CATEGORIES:Holidays
CLASS:public
DESCRIPTION:Festividades del Señor y de la Virgen del Milagro (Salta)
LAST-MODIFIED:20251025T210043Z
TRANSP:TRANSPARENT
END:VEVENT
BEGIN:VEVENT
SUMMARY:Festividades del Señor y de la Virgen del Milagro (Salta)
DTSTART;VALUE=DATE:20270915
DTEND;VALUE=DATE:20270916
DTSTAMP:20251025T210043Z
UID:db2755aa0b9b33df13d6db22c494c186973f678f
CATEGORIES:Holidays
CLASS:public
DESCRIPTION:Festividades del Señor y de la Virgen del Milagro (Salta)
LAST-MODIFIED:20251025T210043Z
TRANSP:TRANSPARENT
END:VEVENT
BEGIN:VEVENT
SUMMARY:Día de la Exaltación de la Santa Cruz (San Luis)
DTSTART;VALUE=DATE:20270503
DTEND;VALUE=DATE:20270504
DTSTAMP:20251025T210043Z
UID:517f04a529fd10e88c8ce40b5e399a88905e8eca
CATEGORIES:Holidays
CLASS:public
DESCRIPTION:Día de la Exaltación de la Santa Cruz (San Luis)
LAST-MODIFIED:20251025T210043Z
TRANSP:TRANSPARENT
END:VEVENT
BEGIN:VEVENT
SUMMARY:Día de San Luis Rey de Francia (San Luis)
DTSTART;VALUE=DATE:20270825
DTEND;VALUE=DATE:20270826
DTSTAMP:20251025T210043Z
UID:0e7e37e7c30f608856abd2ce60c056c48edf7d51
CATEGORIES:Holidays
CLASS:public
DESCRIPTION:Día de San Luis Rey de Francia (San Luis)
LAST-MODIFIED:20251025T210043Z
TRANSP:TRANSPARENT
END:VEVENT
BEGIN:VEVENT
SUMMARY:Día Nacional de la Memoria por la Verdad y la Justicia\; Día Pro
 vincial de la Memoria por la Verdad y la Justicia (Entre Ríos)
DTSTART;VALUE=DATE:20270324
DTEND;VALUE=DATE:20270325
DTSTAMP:20251025T210043Z
UID:59b0ea1b4c1677aefff7fdd72f642cc58ec5501f
CATEGORIES:Holidays
CLASS:public
DESCRIPTION:Día Nacional de la Memoria por la Verdad y la Justicia\; Día
  Provincial de la Memoria por la Verdad y la Justicia (Entre Ríos)
LAST-MODIFIED:20251025T210043Z
TRANSP:TRANSPARENT
END:VEVENT
BEGIN:VEVENT
SUMMARY:Día del Trabajador Estatal\; Día del Trabajador del Estado (Entr
 e Ríos)
DTSTART;VALUE=DATE:20270627
DTEND;VALUE=DATE:20270628
DTSTAMP:20251025T210043Z
UID:55c749b0ff267d03733363f1194a6a5625ef6e26
CATEGORIES:Holidays
CLASS:public
DESCRIPTION:Día del Trabajador Estatal\; Día del Trabajador del Estado (
 Entre Ríos)
LAST-MODIFIED:20251025T210043Z
TRANSP:TRANSPARENT
END:VEVENT
BEGIN:VEVENT
SUMMARY:Conmemoración de la Batalla de Caseros (Entre Ríos)
DTSTART;VALUE=DATE:20270203
DTEND;VALUE=DATE:20270204
DTSTAMP:20251025T210043Z
UID:58d68c808b2893747649dcdd02399e53e2cb8003
CATEGORIES:Holidays
CLASS:public
DESCRIPTION:Conmemoración de la Batalla de Caseros (Entre Ríos)
LAST-MODIFIED:20251025T210043Z
TRANSP:TRANSPARENT
END:VEVENT
BEGIN:VEVENT
SUMMARY:San Miguel Arcángel (Entre Ríos)
DTSTART;VALUE=DATE:20270929
DTEND;VALUE=DATE:20270930
DTSTAMP:20251025T210043Z
UID:3f47b268c6ba500a043cb0a810215760fc49f393
CATEGORIES:Holidays
CLASS:public
DESCRIPTION:San Miguel Arcángel (Entre Ríos)
LAST-MODIFIED:20251025T210043Z
TRANSP:TRANSPARENT
END:VEVENT
BEGIN:VEVENT
SUMMARY:Día Nacional de la Memoria por la Verdad y la Justicia\; Día de 
 la Memoria por la Verdad y la Justicia (La Rioja)
DTSTART;VALUE=DATE:20270324
DTEND;VALUE=DATE:20270325
DTSTAMP:20251025T210043Z
UID:18036eb89032a98cf8a9f21e8c78793440bcb693
CATEGORIES:Holidays
CLASS:public
DESCRIPTION:Día Nacional de la Memoria por la Verdad y la Justicia\; Día
  de la Memoria por la Verdad y la Justicia (La Rioja)
LAST-MODIFIED:20251025T210043Z
TRANSP:TRANSPARENT
END:VEVENT
BEGIN:VEVENT
SUMMARY:Día del fallecimiento de Juan Facundo Quiroga (La Rioja)
DTSTART;VALUE=DATE:20270216
DTEND;VALUE=DATE:20270217
DTSTAMP:20251025T210043Z
UID:0c53fffd5c9cea24abd0c36e69c1f5276bbad4be
CATEGORIES:Holidays
CLASS:public
DESCRIPTION:Día del fallecimiento de Juan Facundo Quiroga (La Rioja)
LAST-MODIFIED:20251025T210043Z
TRANSP:TRANSPARENT
END:VEVENT
BEGIN:VEVENT
SUMMARY:Día de la Autonomía Provincial (La Rioja)
DTSTART;VALUE=DATE:20270301
DTEND;VALUE=DATE:20270302
DTSTAMP:20251025T210043Z
UID:25a4d8aac0828089ba476d3e60c1db53291c26b2
CATEGORIES:Holidays
CLASS:public
DESCRIPTION:Día de la Autonomía Provincial (La Rioja)
LAST-MODIFIED:20251025T210043Z
TRANSP:TRANSPARENT
END:VEVENT
BEGIN:VEVENT
SUMMARY:Día de la fundación de La Rioja (La Rioja)
DTSTART;VALUE=DATE:20270520
DTEND;VALUE=DATE:20270521
DTSTAMP:20251025T210043Z
UID:2c971b0047d9482dfbd4517bba12d65de836fcc3
CATEGORIES:Holidays
CLASS:public
DESCRIPTION:Día de la fundación de La Rioja (La Rioja)
LAST-MODIFIED:20251025T210043Z
TRANSP:TRANSPARENT
END:VEVENT
BEGIN:VEVENT
SUMMARY:Día del Aniversario del Fallecimiento de Monseñor Enrique Angele
 lli (La Rioja)
DTSTART;VALUE=DATE:20270804
DTEND;VALUE=DATE:20270805
DTSTAMP:20251025T210043Z
UID:d8f9d5c1ff3cd863ef79f6f7a3bbea20d0f21463
CATEGORIES:Holidays
CLASS:public
DESCRIPTION:Día del Aniversario del Fallecimiento de Monseñor Enrique An
 gelelli (La Rioja)
LAST-MODIFIED:20251025T210043Z
TRANSP:TRANSPARENT
END:VEVENT
BEGIN:VEVENT
SUMMARY:Día del Aniversario del Fallecimiento de Ángel Vicente Peñaloza
  (La Rioja)
DTSTART;VALUE=DATE:20271112
DTEND;VALUE=DATE:20271113
DTSTAMP:20251025T210043Z
UID:ae026414df6bb588b46382a7d757f79f123e276a
CATEGORIES:Holidays
CLASS:public
DESCRIPTION:Día del Aniversario del Fallecimiento de Ángel Vicente Peña
 loza (La Rioja)
LAST-MODIFIED:20251025T210043Z
TRANSP:TRANSPARENT
END:VEVENT
BEGIN:VEVENT
SUMMARY:Día del Tinkunaco Riojano (La Rioja)
DTSTART;VALUE=DATE:20271231
DTEND;VALUE=DATE:20280101
DTSTAMP:20251025T210043Z
UID:bb2a3aa00909a4c837ea8f701eb00d59a04adb1d
CATEGORIES:Holidays
CLASS:public
DESCRIPTION:Día del Tinkunaco Riojano (La Rioja)
LAST-MODIFIED:20251025T210043Z
TRANSP:TRANSPARENT
END:VEVENT
BEGIN:VEVENT
SUMMARY:Día del Maestro (San Juan)
DTSTART;VALUE=DATE:20270911
DTEND;VALUE=DATE:20270912
DTSTAMP:20251025T210043Z
UID:cd48f855c7e5f27d000f52692ba56f4e47a15356
CATEGORIES:Holidays
CLASS:public
DESCRIPTION:Día del Maestro (San Juan)
LAST-MODIFIED:20251025T210043Z
TRANSP:TRANSPARENT
END:VEVENT
BEGIN:VEVENT
SUMMARY:Natalicio de Fray Mamerto Esquiú (Catamarca)
DTSTART;VALUE=DATE:20270511
DTEND;VALUE=DATE:20270512
DTSTAMP:20251025T210043Z
UID:40dea46f7effe5b90c0d290d5ddba5fb7103cc3b
CATEGORIES:Holidays
CLASS:public
DESCRIPTION:Natalicio de Fray Mamerto Esquiú (Catamarca)
LAST-MODIFIED:20251025T210043Z
TRANSP:TRANSPARENT
END:VEVENT
BEGIN:VEVENT
SUMMARY:Autonomía de Catamarca (Catamarca)
DTSTART;VALUE=DATE:20270825
DTEND;VALUE=DATE:20270826
DTSTAMP:20251025T210043Z
UID:66c5925d801e8beeba7331db49d4c4705dfe75e1
CATEGORIES:Holidays
CLASS:public
DESCRIPTION:Autonomía de Catamarca (Catamarca)
LAST-MODIFIED:20251025T210043Z
TRANSP:TRANSPARENT
END:VEVENT
BEGIN:VEVENT
SUMMARY:Día del Milagro (Catamarca)
DTSTART;VALUE=DATE:20270907
DTEND;VALUE=DATE:20270908
DTSTAMP:20251025T210043Z
UID:c8dc527afbfe8c367a383ce09045dfbb19360502
CATEGORIES:Holidays
CLASS:public
DESCRIPTION:Día del Milagro (Catamarca)
LAST-MODIFIED:20251025T210043Z
TRANSP:TRANSPARENT
END:VEVENT
BEGIN:VEVENT
SUMMARY:Día del Apóstol Santiago (Mendoza)
DTSTART;VALUE=DATE:20270725
DTEND;VALUE=DATE:20270726
DTSTAMP:20251025T210043Z
UID:9250672621b9cf0192480b61c0f1e3f6c53645ea
CATEGORIES:Holidays
CLASS:public
DESCRIPTION:Día del Apóstol Santiago (Mendoza)
LAST-MODIFIED:20251025T210043Z
TRANSP:TRANSPARENT
END:VEVENT
BEGIN:VEVENT
SUMMARY:Aniversario de la Batalla de Tucumán (Tucumán)
DTSTART;VALUE=DATE:20270924
DTEND;VALUE=DATE:20270925
DTSTAMP:20251025T210043Z
UID:598557156deeb542be9f1336bda763fe6cbd98fb
CATEGORIES:Holidays
CLASS:public
DESCRIPTION:Aniversario de la Batalla de Tucumán (Tucumán)
LAST-MODIFIED:20251025T210043Z
TRANSP:TRANSPARENT
END:VEVENT
BEGIN:VEVENT
SUMMARY:Plebiscito 1902 Trevelin (Chubut)
DTSTART;VALUE=DATE:20270430
DTEND;VALUE=DATE:20270501
DTSTAMP:20251025T210043Z
UID:ba3bd75613f983416ae00efaaecbed0b554e2e15
CATEGORIES:Holidays
CLASS:public
DESCRIPTION:Plebiscito 1902 Trevelin (Chubut)
LAST-MODIFIED:20251025T210043Z
TRANSP:TRANSPARENT
END:VEVENT
BEGIN:VEVENT
SUMMARY:Aniversario del arribo de los primeros colonizadores galeses (Chub
 ut)
DTSTART;VALUE=DATE:20270728
DTEND;VALUE=DATE:20270729
DTSTAMP:20251025T210043Z
UID:849af1642fef059e127ec46699c3ef5f2b8be6a0
CATEGORIES:Holidays
CLASS:public
DESCRIPTION:Aniversario del arribo de los primeros colonizadores galeses (
 Chubut)
LAST-MODIFIED:20251025T210043Z
TRANSP:TRANSPARENT
END:VEVENT
BEGIN:VEVENT
SUMMARY:Día del Petróleo Nacional (Chubut)
DTSTART;VALUE=DATE:20271213
DTEND;VALUE=DATE:20271214
DTSTAMP:20251025T210043Z
UID:78ed5f076466e0e86b8f96cd2beffacf2eac54c0
CATEGORIES:Holidays
CLASS:public
DESCRIPTION:Día del Petróleo Nacional (Chubut)
LAST-MODIFIED:20251025T210043Z
TRANSP:TRANSPARENT
END:VEVENT
BEGIN:VEVENT
SUMMARY:Tehuelches y Mapuches declaran lealtad a la bandera Argentina (Chu
 but)
DTSTART;VALUE=DATE:20271103
DTEND;VALUE=DATE:20271104
DTSTAMP:20251025T210043Z
UID:bc1b4718095dd28d52426df59ff0f821e89cf4d1
CATEGORIES:Holidays
CLASS:public
DESCRIPTION:Tehuelches y Mapuches declaran lealtad a la bandera Argentina 
 (Chubut)
LAST-MODIFIED:20251025T210043Z
TRANSP:TRANSPARENT
END:VEVENT
BEGIN:VEVENT
SUMMARY:Día de la Provincia de Tierra del Fuego\, Antártida e Islas del 
 Atlántico Sur (Tierra del Fuego)
DTSTART;VALUE=DATE:20270601
DTEND;VALUE=DATE:20270602
DTSTAMP:20251025T210043Z
UID:89913a7ff5ef7ef8d82201546e435afb417bfc4f
CATEGORIES:Holidays
CLASS:public
DESCRIPTION:Día de la Provincia de Tierra del Fuego\, Antártida e Islas 
 del Atlántico Sur (Tierra del Fuego)
LAST-MODIFIED:20251025T210043Z
TRANSP:TRANSPARENT
END:VEVENT
BEGIN:VEVENT
SUMMARY:Día del Genocidio Selk'Nam (Tierra del Fuego)
DTSTART;VALUE=DATE:20271125
DTEND;VALUE=DATE:20271126
DTSTAMP:20251025T210043Z
UID:2a32693eb7391d080ada2c260e2aad126622fc9d
CATEGORIES:Holidays
CLASS:public
DESCRIPTION:Día del Genocidio Selk'Nam (Tierra del Fuego)
LAST-MODIFIED:20251025T210043Z
TRANSP:TRANSPARENT
END:VEVENT
BEGIN:VEVENT
SUMMARY:Día del Aniversario del Fallecimiento del General Manuel José Jo
 aquín del Corazón de Jesús Belgrano\; Paso a la Inmortalidad del Genera
 l Don Manuel Belgrano (Corrientes)
DTSTART;VALUE=DATE:20270620
DTEND;VALUE=DATE:20270621
DTSTAMP:20251025T210043Z
UID:58a48b0b0b51a628ae60eb658de298f6c9faa0fc
CATEGORIES:Holidays
CLASS:public
DESCRIPTION:Día del Aniversario del Fallecimiento del General Manuel Jos
 é Joaquín del Corazón de Jesús Belgrano\; Paso a la Inmortalidad del G
 eneral Don Manuel Belgrano (Corrientes)
LAST-MODIFIED:20251025T210043Z
TRANSP:TRANSPARENT
END:VEVENT
BEGIN:VEVENT
SUMMARY:Día del Aniversario del Fallecimiento del General José Francisco
  de San Martín (Corrientes)
DTSTART;VALUE=DATE:20270817
DTEND;VALUE=DATE:20270818
DTSTAMP:20251025T210043Z
UID:4cbc603d6e24daffbb3579d72534e33e855d2ba2
CATEGORIES:Holidays
CLASS:public
DESCRIPTION:Día del Aniversario del Fallecimiento del General José Franc
 isco de San Martín (Corrientes)
LAST-MODIFIED:20251025T210043Z
TRANSP:TRANSPARENT
END:VEVENT
BEGIN:VEVENT
SUMMARY:Día del Éxodo Jujeño (Jujuy)
DTSTART;VALUE=DATE:20270823
DTEND;VALUE=DATE:20270824
DTSTAMP:20251025T210043Z
UID:7af9b2382f2a755b492fd48c7bee61eb872bbd6b
CATEGORIES:Holidays
CLASS:public
DESCRIPTION:Día del Éxodo Jujeño (Jujuy)
LAST-MODIFIED:20251025T210043Z
TRANSP:TRANSPARENT
END:VEVENT
BEGIN:VEVENT
SUMMARY:Autonomía Política de Jujuy (Jujuy)
DTSTART;VALUE=DATE:20271118
DTEND;VALUE=DATE:20271119
DTSTAMP:20251025T210043Z
UID:f06f03c2ed95938d770c687c854b5e984a1e818d
CATEGORIES:Holidays
CLASS:public
DESCRIPTION:Autonomía Política de Jujuy (Jujuy)
LAST-MODIFIED:20251025T210043Z
TRANSP:TRANSPARENT
END:VEVENT
BEGIN:VEVENT
SUMMARY:Día de la Pachamama (Jujuy)
DTSTART;VALUE=DATE:20270801
DTEND;VALUE=DATE:20270802
DTSTAMP:20251025T210043Z
UID:a535d0fcf92b05d14b81f17d5ae2d107c782fbae
CATEGORIES:Holidays
CLASS:public
DESCRIPTION:Día de la Pachamama (Jujuy)
LAST-MODIFIED:20251025T210043Z
TRANSP:TRANSPARENT
END:VEVENT
BEGIN:VEVENT
SUMMARY:Día de la Virgen del Rosario de Río Blanco y Paypaya (Jujuy)
DTSTART;VALUE=DATE:20271007
DTEND;VALUE=DATE:20271008
DTSTAMP:20251025T210043Z
UID:603d5b93533edd8704fa1a0123a106e6bf5a7005
CATEGORIES:Holidays
CLASS:public
DESCRIPTION:Día de la Virgen del Rosario de Río Blanco y Paypaya (Jujuy)
LAST-MODIFIED:20251025T210043Z
TRANSP:TRANSPARENT
END:VEVENT
BEGIN:VEVENT
SUMMARY:Día Grande de Jujuy (Jujuy)
DTSTART;VALUE=DATE:20270427
DTEND;VALUE=DATE:20270428
DTSTAMP:20251025T210043Z
UID:801837ac9a30119784093d8fead51a62e95dc525
CATEGORIES:Holidays
CLASS:public
DESCRIPTION:Día Grande de Jujuy (Jujuy)
LAST-MODIFIED:20251025T210043Z
TRANSP:TRANSPARENT
END:VEVENT
BEGIN:VEVENT
SUMMARY:Homenaje al Patrono de la Provincia San Juan Bosco\; Paso a la Inm
 ortalidad del General Don José de San Martín (Santa Cruz)
DTSTART;VALUE=DATE:20270816
DTEND;VALUE=DATE:20270817
DTSTAMP:20251025T210043Z
UID:45750213f517f7df19b7a486566be05cf9f8036c
CATEGORIES:Holidays
CLASS:public
DESCRIPTION:Homenaje al Patrono de la Provincia San Juan Bosco\; Paso a la
  Inmortalidad del General Don José de San Martín (Santa Cruz)
LAST-MODIFIED:20251025T210043Z
TRANSP:TRANSPARENT
END:VEVENT
BEGIN:VEVENT
SUMMARY:Día del Aniversario del Fallecimiento del ex Presidente de la Nac
 ión Doctor Néstor Carlos Kirchner (Santa Cruz)
DTSTART;VALUE=DATE:20271027
DTEND;VALUE=DATE:20271028
DTSTAMP:20251025T210043Z
UID:926994770aaf4b28033fd59dbd902ee909f3666c
CATEGORIES:Holidays
CLASS:public
DESCRIPTION:Día del Aniversario del Fallecimiento del ex Presidente de la
  Nación Doctor Néstor Carlos Kirchner (Santa Cruz)
LAST-MODIFIED:20251025T210043Z
TRANSP:TRANSPARENT
END:VEVENT
BEGIN:VEVENT
SUMMARY:Conmemoración a los obreros fusilados en las Huelgas Patagónicas
  (Santa Cruz)
DTSTART;VALUE=DATE:20271207
DTEND;VALUE=DATE:20271208
DTSTAMP:20251025T210043Z
UID:ff9339f11aa4a1bdb0ce2cb35c04b2ccd039d727
CATEGORIES:Holidays
CLASS:public
DESCRIPTION:Conmemoración a los obreros fusilados en las Huelgas Patagón
 icas (Santa Cruz)
LAST-MODIFIED:20251025T210043Z
TRANSP:TRANSPARENT
END:VEVENT
END:VCALENDAR
