BEGIN:VCALENDAR
VERSION:2.0
PRODID:-//Mozilla.org/NONSGML Mozilla Calendar V1.1//EN
BEGIN:VEVENT
SUMMARY:Jour de l'an
DTSTART;VALUE=DATE:20250101
DTEND;VALUE=DATE:20250102
DTSTAMP:20251025T210043Z
UID:edd53c7485c770762e0849b0da6d682355674c49
CATEGORIES:Holidays
CLASS:public
DESCRIPTION:Jour de l'an
LAST-MODIFIED:20251025T210043Z
TRANSP:OPAQUE
END:VEVENT
BEGIN:VEVENT
SUMMARY:Vendredi saint
DTSTART;VALUE=DATE:20250418
DTEND;VALUE=DATE:20250419
DTSTAMP:20251025T210043Z
UID:5ce90656d41a6a6f9abf237e8fe442914231174c
CATEGORIES:Holidays
CLASS:public
DESCRIPTION:Vendredi saint
LAST-MODIFIED:20251025T210043Z
TRANSP:OPAQUE
END:VEVENT
BEGIN:VEVENT
SUMMARY:Fête du Travail
DTSTART;VALUE=DATE:20250901
DTEND;VALUE=DATE:20250902
DTSTAMP:20251025T210043Z
UID:fc6360cfd96a9472e48da63856b72ed49c4eb0db
CATEGORIES:Holidays
CLASS:public
DESCRIPTION:Fête du Travail
LAST-MODIFIED:20251025T210043Z
TRANSP:OPAQUE
END:VEVENT
BEGIN:VEVENT
SUMMARY:Jour de Noël
DTSTART;VALUE=DATE:20251225
DTEND;VALUE=DATE:20251226
DTSTAMP:20251025T210043Z
UID:7ab735004e277d2cba9c38b91a30056b1def486d
CATEGORIES:Holidays
CLASS:public
DESCRIPTION:Jour de Noël
LAST-MODIFIED:20251025T210043Z
TRANSP:OPAQUE
END:VEVENT
BEGIN:VEVENT
SUMMARY:Journée nationale de la vérité et de la réconciliation
DTSTART;VALUE=DATE:20250930
DTEND;VALUE=DATE:20251001
DTSTAMP:20251025T210043Z
UID:e07682f39960d6b272ec0a64b11ead5f8620c9e9
CATEGORIES:Holidays
CLASS:public
DESCRIPTION:Journée nationale de la vérité et de la réconciliation
LAST-MODIFIED:20251025T210043Z
TRANSP:OPAQUE
END:VEVENT
BEGIN:VEVENT
SUMMARY:Action de grâce
DTSTART;VALUE=DATE:20251013
DTEND;VALUE=DATE:20251014
DTSTAMP:20251025T210043Z
UID:7f61dfaa246f8a10f13f1ce4c4d9c8dc0dbc6e46
CATEGORIES:Holidays
CLASS:public
DESCRIPTION:Action de grâce
LAST-MODIFIED:20251025T210043Z
TRANSP:OPAQUE
END:VEVENT
BEGIN:VEVENT
SUMMARY:Jour du Souvenir
DTSTART;VALUE=DATE:20251111
DTEND;VALUE=DATE:20251112
DTSTAMP:20251025T210043Z
UID:51c9abae908843a1f7c4d6302d7b74ba8862a43d
CATEGORIES:Holidays
CLASS:public
DESCRIPTION:Jour du Souvenir
LAST-MODIFIED:20251025T210043Z
TRANSP:OPAQUE
END:VEVENT
BEGIN:VEVENT
SUMMARY:Boxing Day
DTSTART;VALUE=DATE:20251226
DTEND;VALUE=DATE:20251227
DTSTAMP:20251025T210043Z
UID:21ec90154d4ca50f798e103d4e7c313c4c54eb93
CATEGORIES:Holidays
CLASS:public
DESCRIPTION:Boxing Day
LAST-MODIFIED:20251025T210043Z
TRANSP:OPAQUE
END:VEVENT
BEGIN:VEVENT
SUMMARY:Fête du Canada (All except Terre-Neuve-et-Labrador)
DTSTART;VALUE=DATE:20250701
DTEND;VALUE=DATE:20250702
DTSTAMP:20251025T210043Z
UID:24bff3ad8ecd8decf4bdc4ff279a344d97802b0d
CATEGORIES:Holidays
CLASS:public
DESCRIPTION:Fête du Canada (All except Terre-Neuve-et-Labrador)
LAST-MODIFIED:20251025T210043Z
TRANSP:TRANSPARENT
END:VEVENT
BEGIN:VEVENT
SUMMARY:Fête de la Reine (All except Québec)
DTSTART;VALUE=DATE:20250519
DTEND;VALUE=DATE:20250520
DTSTAMP:20251025T210043Z
UID:a6df35b3345e4ffcef6c437f37673b7aea1d5c1e
CATEGORIES:Holidays
CLASS:public
DESCRIPTION:Fête de la Reine (All except Québec)
LAST-MODIFIED:20251025T210043Z
TRANSP:TRANSPARENT
END:VEVENT
BEGIN:VEVENT
SUMMARY:Fête de la famille (AB\, BC\, NB\, ON\, SK)
DTSTART;VALUE=DATE:20250217
DTEND;VALUE=DATE:20250218
DTSTAMP:20251025T210043Z
UID:ed903235d50a803b3f43e29487f88c8329166ee3
CATEGORIES:Holidays
CLASS:public
DESCRIPTION:Fête de la famille (AB\, BC\, NB\, ON\, SK)
LAST-MODIFIED:20251025T210043Z
TRANSP:TRANSPARENT
END:VEVENT
BEGIN:VEVENT
SUMMARY:Lundi de Pâques (AB\, QC)
DTSTART;VALUE=DATE:20250421
DTEND;VALUE=DATE:20250422
DTSTAMP:20251025T210043Z
UID:60197a4cf3cb8e591cd2246b768067dab6fb9e04
CATEGORIES:Holidays
CLASS:public
DESCRIPTION:Lundi de Pâques (AB\, QC)
LAST-MODIFIED:20251025T210043Z
TRANSP:TRANSPARENT
END:VEVENT
BEGIN:VEVENT
SUMMARY:Fête du Patrimoine (Alberta)
DTSTART;VALUE=DATE:20250804
DTEND;VALUE=DATE:20250805
DTSTAMP:20251025T210043Z
UID:c9eb9307c440b53196d13f84e39d4b2b4e83c9cf
CATEGORIES:Holidays
CLASS:public
DESCRIPTION:Fête du Patrimoine (Alberta)
LAST-MODIFIED:20251025T210043Z
TRANSP:TRANSPARENT
END:VEVENT
BEGIN:VEVENT
SUMMARY:Jour de la Colombie Britannique (Colombie-Britannique)
DTSTART;VALUE=DATE:20250804
DTEND;VALUE=DATE:20250805
DTSTAMP:20251025T210043Z
UID:8d69dd8bbf22791ba327a41bac099216fa2d05c4
CATEGORIES:Holidays
CLASS:public
DESCRIPTION:Jour de la Colombie Britannique (Colombie-Britannique)
LAST-MODIFIED:20251025T210043Z
TRANSP:TRANSPARENT
END:VEVENT
BEGIN:VEVENT
SUMMARY:Journée Louis Riel (Manitoba)
DTSTART;VALUE=DATE:20250217
DTEND;VALUE=DATE:20250218
DTSTAMP:20251025T210043Z
UID:47c364781804d9ee6568d5caac04e1d1d2cd9835
CATEGORIES:Holidays
CLASS:public
DESCRIPTION:Journée Louis Riel (Manitoba)
LAST-MODIFIED:20251025T210043Z
TRANSP:TRANSPARENT
END:VEVENT
BEGIN:VEVENT
SUMMARY:Journée Terry Fox (Manitoba)
DTSTART;VALUE=DATE:20250804
DTEND;VALUE=DATE:20250805
DTSTAMP:20251025T210043Z
UID:1aa1fd762dd10e87d98725d8d89eadb977612d62
CATEGORIES:Holidays
CLASS:public
DESCRIPTION:Journée Terry Fox (Manitoba)
LAST-MODIFIED:20251025T210043Z
TRANSP:TRANSPARENT
END:VEVENT
BEGIN:VEVENT
SUMMARY:Jour du Nouveau Brunswick (Nouveau-Brunswick)
DTSTART;VALUE=DATE:20250804
DTEND;VALUE=DATE:20250805
DTSTAMP:20251025T210043Z
UID:060653cb19cb41d2c1a068015b61bf4357a5fbbd
CATEGORIES:Holidays
CLASS:public
DESCRIPTION:Jour du Nouveau Brunswick (Nouveau-Brunswick)
LAST-MODIFIED:20251025T210043Z
TRANSP:TRANSPARENT
END:VEVENT
BEGIN:VEVENT
SUMMARY:Fête du Canada\; Jour de mémorial (Terre-Neuve-et-Labrador)
DTSTART;VALUE=DATE:20250701
DTEND;VALUE=DATE:20250702
DTSTAMP:20251025T210043Z
UID:bbaa6b00a611d08b54f29d3d79b5a201348e18cc
CATEGORIES:Holidays
CLASS:public
DESCRIPTION:Fête du Canada\; Jour de mémorial (Terre-Neuve-et-Labrador)
LAST-MODIFIED:20251025T210043Z
TRANSP:TRANSPARENT
END:VEVENT
BEGIN:VEVENT
SUMMARY:Fête de la Saint-Patrick (Terre-Neuve-et-Labrador)
DTSTART;VALUE=DATE:20250317
DTEND;VALUE=DATE:20250318
DTSTAMP:20251025T210043Z
UID:04bc2c4548e774f31446a532631ca1a97f53f541
CATEGORIES:Holidays
CLASS:public
DESCRIPTION:Fête de la Saint-Patrick (Terre-Neuve-et-Labrador)
LAST-MODIFIED:20251025T210043Z
TRANSP:TRANSPARENT
END:VEVENT
BEGIN:VEVENT
SUMMARY:Fête de la Saint-Georges (Terre-Neuve-et-Labrador)
DTSTART;VALUE=DATE:20250421
DTEND;VALUE=DATE:20250422
DTSTAMP:20251025T210043Z
UID:9b294c63723247d712bec7e01a680e2776ac3ec2
CATEGORIES:Holidays
CLASS:public
DESCRIPTION:Fête de la Saint-Georges (Terre-Neuve-et-Labrador)
LAST-MODIFIED:20251025T210043Z
TRANSP:TRANSPARENT
END:VEVENT
BEGIN:VEVENT
SUMMARY:Jour de la Découverte (Terre-Neuve-et-Labrador)
DTSTART;VALUE=DATE:20250623
DTEND;VALUE=DATE:20250624
DTSTAMP:20251025T210043Z
UID:82407370759b8217533ea8567d3de86ba4d38228
CATEGORIES:Holidays
CLASS:public
DESCRIPTION:Jour de la Découverte (Terre-Neuve-et-Labrador)
LAST-MODIFIED:20251025T210043Z
TRANSP:TRANSPARENT
END:VEVENT
BEGIN:VEVENT
SUMMARY:Journée des Orangistes (Terre-Neuve-et-Labrador)
DTSTART;VALUE=DATE:20250714
DTEND;VALUE=DATE:20250715
DTSTAMP:20251025T210043Z
UID:ab0a23addc4bba0af308c10e9f875f2ec57a8280
CATEGORIES:Holidays
CLASS:public
DESCRIPTION:Journée des Orangistes (Terre-Neuve-et-Labrador)
LAST-MODIFIED:20251025T210043Z
TRANSP:TRANSPARENT
END:VEVENT
BEGIN:VEVENT
SUMMARY:Fête du Patrimoine (Nouvelle-Écosse)
DTSTART;VALUE=DATE:20250217
DTEND;VALUE=DATE:20250218
DTSTAMP:20251025T210043Z
UID:457a1b31b4eafa2cba5d5d7ba8735734bd779a2a
CATEGORIES:Holidays
CLASS:public
DESCRIPTION:Fête du Patrimoine (Nouvelle-Écosse)
LAST-MODIFIED:20251025T210043Z
TRANSP:TRANSPARENT
END:VEVENT
BEGIN:VEVENT
SUMMARY:Jour de la Fondation (Nouvelle-Écosse)
DTSTART;VALUE=DATE:20250804
DTEND;VALUE=DATE:20250805
DTSTAMP:20251025T210043Z
UID:da86cd2770f097b1b2b217198c8baf94f2bd32df
CATEGORIES:Holidays
CLASS:public
DESCRIPTION:Jour de la Fondation (Nouvelle-Écosse)
LAST-MODIFIED:20251025T210043Z
TRANSP:TRANSPARENT
END:VEVENT
BEGIN:VEVENT
SUMMARY:Journée nationale des Autochtones (NT\, YT)
DTSTART;VALUE=DATE:20250621
DTEND;VALUE=DATE:20250622
DTSTAMP:20251025T210043Z
UID:8f11a9944659c54e7da86072406c6844d1c6c088
CATEGORIES:Holidays
CLASS:public
DESCRIPTION:Journée nationale des Autochtones (NT\, YT)
LAST-MODIFIED:20251025T210043Z
TRANSP:TRANSPARENT
END:VEVENT
BEGIN:VEVENT
SUMMARY:Premier lundi d'août (NT\, NU\, ON)
DTSTART;VALUE=DATE:20250804
DTEND;VALUE=DATE:20250805
DTSTAMP:20251025T210043Z
UID:e3f1d1518f21577ca6a4b4112c538b3d6b04fa96
CATEGORIES:Holidays
CLASS:public
DESCRIPTION:Premier lundi d'août (NT\, NU\, ON)
LAST-MODIFIED:20251025T210043Z
TRANSP:TRANSPARENT
END:VEVENT
BEGIN:VEVENT
SUMMARY:Jour du Nunavut (Nunavut)
DTSTART;VALUE=DATE:20250709
DTEND;VALUE=DATE:20250710
DTSTAMP:20251025T210043Z
UID:62ed431de528af0ffab7f16dca2a62b5c3ccfb3b
CATEGORIES:Holidays
CLASS:public
DESCRIPTION:Jour du Nunavut (Nunavut)
LAST-MODIFIED:20251025T210043Z
TRANSP:TRANSPARENT
END:VEVENT
BEGIN:VEVENT
SUMMARY:Fête des Insulaires (Île-du-Prince-Édouard)
DTSTART;VALUE=DATE:20250217
DTEND;VALUE=DATE:20250218
DTSTAMP:20251025T210043Z
UID:eab0cac5dfb512d4b71a2dfa9dc8f4cc403469a3
CATEGORIES:Holidays
CLASS:public
DESCRIPTION:Fête des Insulaires (Île-du-Prince-Édouard)
LAST-MODIFIED:20251025T210043Z
TRANSP:TRANSPARENT
END:VEVENT
BEGIN:VEVENT
SUMMARY:Fête de la Reine\; Journée nationale des patriotes (Québec)
DTSTART;VALUE=DATE:20250519
DTEND;VALUE=DATE:20250520
DTSTAMP:20251025T210043Z
UID:c0a07d9d2076e525f5346788efcc89acca51e428
CATEGORIES:Holidays
CLASS:public
DESCRIPTION:Fête de la Reine\; Journée nationale des patriotes (Québec)
LAST-MODIFIED:20251025T210043Z
TRANSP:TRANSPARENT
END:VEVENT
BEGIN:VEVENT
SUMMARY:Fête nationale du Québec (Québec)
DTSTART;VALUE=DATE:20250624
DTEND;VALUE=DATE:20250625
DTSTAMP:20251025T210043Z
UID:e9ddea0a4949b60686f8143ba1faa353d51f7088
CATEGORIES:Holidays
CLASS:public
DESCRIPTION:Fête nationale du Québec (Québec)
LAST-MODIFIED:20251025T210043Z
TRANSP:TRANSPARENT
END:VEVENT
BEGIN:VEVENT
SUMMARY:Jour du Saskatchewan (Saskatchewan)
DTSTART;VALUE=DATE:20250804
DTEND;VALUE=DATE:20250805
DTSTAMP:20251025T210043Z
UID:1f84d918275ee57af7b8d15e24acf9db479d228f
CATEGORIES:Holidays
CLASS:public
DESCRIPTION:Jour du Saskatchewan (Saskatchewan)
LAST-MODIFIED:20251025T210043Z
TRANSP:TRANSPARENT
END:VEVENT
BEGIN:VEVENT
SUMMARY:Jour de la Découverte (Yukon)
DTSTART;VALUE=DATE:20250818
DTEND;VALUE=DATE:20250819
DTSTAMP:20251025T210043Z
UID:b41bf30c9fe69dd9ff7853c677384c14782faf12
CATEGORIES:Holidays
CLASS:public
DESCRIPTION:Jour de la Découverte (Yukon)
LAST-MODIFIED:20251025T210043Z
TRANSP:TRANSPARENT
END:VEVENT
BEGIN:VEVENT
SUMMARY:Fête du Patrimoine (Yukon)
DTSTART;VALUE=DATE:20250221
DTEND;VALUE=DATE:20250222
DTSTAMP:20251025T210043Z
UID:ce1e4ac773bd295101df6697776b5f6e09a658c4
CATEGORIES:Holidays
CLASS:public
DESCRIPTION:Fête du Patrimoine (Yukon)
LAST-MODIFIED:20251025T210043Z
TRANSP:TRANSPARENT
END:VEVENT
BEGIN:VEVENT
SUMMARY:Jour de l'an
DTSTART;VALUE=DATE:20260101
DTEND;VALUE=DATE:20260102
DTSTAMP:20251025T210043Z
UID:3da7712e2d767bd3f8950cb1905f1c029cca2ef7
CATEGORIES:Holidays
CLASS:public
DESCRIPTION:Jour de l'an
LAST-MODIFIED:20251025T210043Z
TRANSP:OPAQUE
END:VEVENT
BEGIN:VEVENT
SUMMARY:Vendredi saint
DTSTART;VALUE=DATE:20260403
DTEND;VALUE=DATE:20260404
DTSTAMP:20251025T210043Z
UID:781126bcad7fcafbf6174eac67881c864476aabc
CATEGORIES:Holidays
CLASS:public
DESCRIPTION:Vendredi saint
LAST-MODIFIED:20251025T210043Z
TRANSP:OPAQUE
END:VEVENT
BEGIN:VEVENT
SUMMARY:Fête du Travail
DTSTART;VALUE=DATE:20260907
DTEND;VALUE=DATE:20260908
DTSTAMP:20251025T210043Z
UID:3ed65645354843a68b9d93bc4cc875ed76c0005e
CATEGORIES:Holidays
CLASS:public
DESCRIPTION:Fête du Travail
LAST-MODIFIED:20251025T210043Z
TRANSP:OPAQUE
END:VEVENT
BEGIN:VEVENT
SUMMARY:Jour de Noël
DTSTART;VALUE=DATE:20261225
DTEND;VALUE=DATE:20261226
DTSTAMP:20251025T210043Z
UID:2f16f2d23b92eae757948c878220af711b41f977
CATEGORIES:Holidays
CLASS:public
DESCRIPTION:Jour de Noël
LAST-MODIFIED:20251025T210043Z
TRANSP:OPAQUE
END:VEVENT
BEGIN:VEVENT
SUMMARY:Journée nationale de la vérité et de la réconciliation
DTSTART;VALUE=DATE:20260930
DTEND;VALUE=DATE:20261001
DTSTAMP:20251025T210043Z
UID:306fb7921871986166c4048b02af2df69d566fae
CATEGORIES:Holidays
CLASS:public
DESCRIPTION:Journée nationale de la vérité et de la réconciliation
LAST-MODIFIED:20251025T210043Z
TRANSP:OPAQUE
END:VEVENT
BEGIN:VEVENT
SUMMARY:Action de grâce
DTSTART;VALUE=DATE:20261012
DTEND;VALUE=DATE:20261013
DTSTAMP:20251025T210043Z
UID:e64edc3b0aa0d33c900a86ee531ac6fcdfb9aefc
CATEGORIES:Holidays
CLASS:public
DESCRIPTION:Action de grâce
LAST-MODIFIED:20251025T210043Z
TRANSP:OPAQUE
END:VEVENT
BEGIN:VEVENT
SUMMARY:Jour du Souvenir
DTSTART;VALUE=DATE:20261111
DTEND;VALUE=DATE:20261112
DTSTAMP:20251025T210043Z
UID:eb64ac0cea386bf722268360ac07e16e5cabb166
CATEGORIES:Holidays
CLASS:public
DESCRIPTION:Jour du Souvenir
LAST-MODIFIED:20251025T210043Z
TRANSP:OPAQUE
END:VEVENT
BEGIN:VEVENT
SUMMARY:Boxing Day
DTSTART;VALUE=DATE:20261226
DTEND;VALUE=DATE:20261227
DTSTAMP:20251025T210043Z
UID:7e463820af5b95ce82c26a0637165e3ceaceed96
CATEGORIES:Holidays
CLASS:public
DESCRIPTION:Boxing Day
LAST-MODIFIED:20251025T210043Z
TRANSP:OPAQUE
END:VEVENT
BEGIN:VEVENT
SUMMARY:Boxing Day (Observé)
DTSTART;VALUE=DATE:20261228
DTEND;VALUE=DATE:20261229
DTSTAMP:20251025T210043Z
UID:d01a78429edfa16e7c75c1d11df53a43edb3910b
CATEGORIES:Holidays
CLASS:public
DESCRIPTION:Boxing Day (Observé)
LAST-MODIFIED:20251025T210043Z
TRANSP:OPAQUE
END:VEVENT
BEGIN:VEVENT
SUMMARY:Fête du Canada (All except Terre-Neuve-et-Labrador)
DTSTART;VALUE=DATE:20260701
DTEND;VALUE=DATE:20260702
DTSTAMP:20251025T210043Z
UID:e272bd62d6e4d225f9a0d9294b1f610eed0204c9
CATEGORIES:Holidays
CLASS:public
DESCRIPTION:Fête du Canada (All except Terre-Neuve-et-Labrador)
LAST-MODIFIED:20251025T210043Z
TRANSP:TRANSPARENT
END:VEVENT
BEGIN:VEVENT
SUMMARY:Fête de la Reine (All except Québec)
DTSTART;VALUE=DATE:20260518
DTEND;VALUE=DATE:20260519
DTSTAMP:20251025T210043Z
UID:49cda4afc14bc3628ec19c43dae6dfc0f2f9a944
CATEGORIES:Holidays
CLASS:public
DESCRIPTION:Fête de la Reine (All except Québec)
LAST-MODIFIED:20251025T210043Z
TRANSP:TRANSPARENT
END:VEVENT
BEGIN:VEVENT
SUMMARY:Fête de la famille (AB\, BC\, NB\, ON\, SK)
DTSTART;VALUE=DATE:20260216
DTEND;VALUE=DATE:20260217
DTSTAMP:20251025T210043Z
UID:a5779b77cb874537be8cbe1e3b815088235d7826
CATEGORIES:Holidays
CLASS:public
DESCRIPTION:Fête de la famille (AB\, BC\, NB\, ON\, SK)
LAST-MODIFIED:20251025T210043Z
TRANSP:TRANSPARENT
END:VEVENT
BEGIN:VEVENT
SUMMARY:Lundi de Pâques (AB\, QC)
DTSTART;VALUE=DATE:20260406
DTEND;VALUE=DATE:20260407
DTSTAMP:20251025T210043Z
UID:6f8040ba9a87ab66c0664b40a93e321a7fac1e2a
CATEGORIES:Holidays
CLASS:public
DESCRIPTION:Lundi de Pâques (AB\, QC)
LAST-MODIFIED:20251025T210043Z
TRANSP:TRANSPARENT
END:VEVENT
BEGIN:VEVENT
SUMMARY:Fête du Patrimoine (Alberta)
DTSTART;VALUE=DATE:20260803
DTEND;VALUE=DATE:20260804
DTSTAMP:20251025T210043Z
UID:8edf991e0ea8878c8ec105a98436a7b8be2893d8
CATEGORIES:Holidays
CLASS:public
DESCRIPTION:Fête du Patrimoine (Alberta)
LAST-MODIFIED:20251025T210043Z
TRANSP:TRANSPARENT
END:VEVENT
BEGIN:VEVENT
SUMMARY:Jour de la Colombie Britannique (Colombie-Britannique)
DTSTART;VALUE=DATE:20260803
DTEND;VALUE=DATE:20260804
DTSTAMP:20251025T210043Z
UID:6d863ed42d94f8a3d045865824ee56f542eb0998
CATEGORIES:Holidays
CLASS:public
DESCRIPTION:Jour de la Colombie Britannique (Colombie-Britannique)
LAST-MODIFIED:20251025T210043Z
TRANSP:TRANSPARENT
END:VEVENT
BEGIN:VEVENT
SUMMARY:Journée Louis Riel (Manitoba)
DTSTART;VALUE=DATE:20260216
DTEND;VALUE=DATE:20260217
DTSTAMP:20251025T210043Z
UID:c546e1ce335a6d08da85ed902be6b2d352c63978
CATEGORIES:Holidays
CLASS:public
DESCRIPTION:Journée Louis Riel (Manitoba)
LAST-MODIFIED:20251025T210043Z
TRANSP:TRANSPARENT
END:VEVENT
BEGIN:VEVENT
SUMMARY:Journée Terry Fox (Manitoba)
DTSTART;VALUE=DATE:20260803
DTEND;VALUE=DATE:20260804
DTSTAMP:20251025T210043Z
UID:1083712ecdf891ba3578efb3c6b03c03862e367a
CATEGORIES:Holidays
CLASS:public
DESCRIPTION:Journée Terry Fox (Manitoba)
LAST-MODIFIED:20251025T210043Z
TRANSP:TRANSPARENT
END:VEVENT
BEGIN:VEVENT
SUMMARY:Jour du Nouveau Brunswick (Nouveau-Brunswick)
DTSTART;VALUE=DATE:20260803
DTEND;VALUE=DATE:20260804
DTSTAMP:20251025T210043Z
UID:5346f74d4209b4dca0c2360ddb623e0f51e9a837
CATEGORIES:Holidays
CLASS:public
DESCRIPTION:Jour du Nouveau Brunswick (Nouveau-Brunswick)
LAST-MODIFIED:20251025T210043Z
TRANSP:TRANSPARENT
END:VEVENT
BEGIN:VEVENT
SUMMARY:Fête du Canada\; Jour de mémorial (Terre-Neuve-et-Labrador)
DTSTART;VALUE=DATE:20260701
DTEND;VALUE=DATE:20260702
DTSTAMP:20251025T210043Z
UID:e843c59d648b269c64af8e5d9068d19084024985
CATEGORIES:Holidays
CLASS:public
DESCRIPTION:Fête du Canada\; Jour de mémorial (Terre-Neuve-et-Labrador)
LAST-MODIFIED:20251025T210043Z
TRANSP:TRANSPARENT
END:VEVENT
BEGIN:VEVENT
SUMMARY:Fête de la Saint-Patrick (Terre-Neuve-et-Labrador)
DTSTART;VALUE=DATE:20260316
DTEND;VALUE=DATE:20260317
DTSTAMP:20251025T210043Z
UID:53537f91cec21f93bf0fbef28df0126f6259767a
CATEGORIES:Holidays
CLASS:public
DESCRIPTION:Fête de la Saint-Patrick (Terre-Neuve-et-Labrador)
LAST-MODIFIED:20251025T210043Z
TRANSP:TRANSPARENT
END:VEVENT
BEGIN:VEVENT
SUMMARY:Fête de la Saint-Georges (Terre-Neuve-et-Labrador)
DTSTART;VALUE=DATE:20260420
DTEND;VALUE=DATE:20260421
DTSTAMP:20251025T210043Z
UID:724d1579e78d9f13789a68c2d05a80dd4b8bc732
CATEGORIES:Holidays
CLASS:public
DESCRIPTION:Fête de la Saint-Georges (Terre-Neuve-et-Labrador)
LAST-MODIFIED:20251025T210043Z
TRANSP:TRANSPARENT
END:VEVENT
BEGIN:VEVENT
SUMMARY:Jour de la Découverte (Terre-Neuve-et-Labrador)
DTSTART;VALUE=DATE:20260622
DTEND;VALUE=DATE:20260623
DTSTAMP:20251025T210043Z
UID:79cdffa07e520401d98f619897bc9d15d2d1064e
CATEGORIES:Holidays
CLASS:public
DESCRIPTION:Jour de la Découverte (Terre-Neuve-et-Labrador)
LAST-MODIFIED:20251025T210043Z
TRANSP:TRANSPARENT
END:VEVENT
BEGIN:VEVENT
SUMMARY:Journée des Orangistes (Terre-Neuve-et-Labrador)
DTSTART;VALUE=DATE:20260713
DTEND;VALUE=DATE:20260714
DTSTAMP:20251025T210043Z
UID:043c9a93ea00329a15ce69679529ea83c6a5f47d
CATEGORIES:Holidays
CLASS:public
DESCRIPTION:Journée des Orangistes (Terre-Neuve-et-Labrador)
LAST-MODIFIED:20251025T210043Z
TRANSP:TRANSPARENT
END:VEVENT
BEGIN:VEVENT
SUMMARY:Fête du Patrimoine (Nouvelle-Écosse)
DTSTART;VALUE=DATE:20260216
DTEND;VALUE=DATE:20260217
DTSTAMP:20251025T210043Z
UID:a5feac4581819aa6434041ff4208e9804ecc2380
CATEGORIES:Holidays
CLASS:public
DESCRIPTION:Fête du Patrimoine (Nouvelle-Écosse)
LAST-MODIFIED:20251025T210043Z
TRANSP:TRANSPARENT
END:VEVENT
BEGIN:VEVENT
SUMMARY:Jour de la Fondation (Nouvelle-Écosse)
DTSTART;VALUE=DATE:20260803
DTEND;VALUE=DATE:20260804
DTSTAMP:20251025T210043Z
UID:99571406d2bf6554bd183330b816854a8cbce65d
CATEGORIES:Holidays
CLASS:public
DESCRIPTION:Jour de la Fondation (Nouvelle-Écosse)
LAST-MODIFIED:20251025T210043Z
TRANSP:TRANSPARENT
END:VEVENT
BEGIN:VEVENT
SUMMARY:Journée nationale des Autochtones (NT\, YT)
DTSTART;VALUE=DATE:20260621
DTEND;VALUE=DATE:20260622
DTSTAMP:20251025T210043Z
UID:9f360fa6769f9eed051ccaa3249cf24456c95a96
CATEGORIES:Holidays
CLASS:public
DESCRIPTION:Journée nationale des Autochtones (NT\, YT)
LAST-MODIFIED:20251025T210043Z
TRANSP:TRANSPARENT
END:VEVENT
BEGIN:VEVENT
SUMMARY:Premier lundi d'août (NT\, NU\, ON)
DTSTART;VALUE=DATE:20260803
DTEND;VALUE=DATE:20260804
DTSTAMP:20251025T210043Z
UID:4e4b22c4d41e57b63f7d929cd2c8d675effa4071
CATEGORIES:Holidays
CLASS:public
DESCRIPTION:Premier lundi d'août (NT\, NU\, ON)
LAST-MODIFIED:20251025T210043Z
TRANSP:TRANSPARENT
END:VEVENT
BEGIN:VEVENT
SUMMARY:Jour du Nunavut (Nunavut)
DTSTART;VALUE=DATE:20260709
DTEND;VALUE=DATE:20260710
DTSTAMP:20251025T210043Z
UID:819f926b86c38b61480e929b3f8062cf7930fbba
CATEGORIES:Holidays
CLASS:public
DESCRIPTION:Jour du Nunavut (Nunavut)
LAST-MODIFIED:20251025T210043Z
TRANSP:TRANSPARENT
END:VEVENT
BEGIN:VEVENT
SUMMARY:Fête des Insulaires (Île-du-Prince-Édouard)
DTSTART;VALUE=DATE:20260216
DTEND;VALUE=DATE:20260217
DTSTAMP:20251025T210043Z
UID:980e727fcef75a11fad27eae47026852a0466d57
CATEGORIES:Holidays
CLASS:public
DESCRIPTION:Fête des Insulaires (Île-du-Prince-Édouard)
LAST-MODIFIED:20251025T210043Z
TRANSP:TRANSPARENT
END:VEVENT
BEGIN:VEVENT
SUMMARY:Fête de la Reine\; Journée nationale des patriotes (Québec)
DTSTART;VALUE=DATE:20260518
DTEND;VALUE=DATE:20260519
DTSTAMP:20251025T210043Z
UID:c5e49b17a61a6a0ca62e449ec85370fbd3655a50
CATEGORIES:Holidays
CLASS:public
DESCRIPTION:Fête de la Reine\; Journée nationale des patriotes (Québec)
LAST-MODIFIED:20251025T210043Z
TRANSP:TRANSPARENT
END:VEVENT
BEGIN:VEVENT
SUMMARY:Fête nationale du Québec (Québec)
DTSTART;VALUE=DATE:20260624
DTEND;VALUE=DATE:20260625
DTSTAMP:20251025T210043Z
UID:78a4f477008883b00055bf202f1c14e106fea75a
CATEGORIES:Holidays
CLASS:public
DESCRIPTION:Fête nationale du Québec (Québec)
LAST-MODIFIED:20251025T210043Z
TRANSP:TRANSPARENT
END:VEVENT
BEGIN:VEVENT
SUMMARY:Jour du Saskatchewan (Saskatchewan)
DTSTART;VALUE=DATE:20260803
DTEND;VALUE=DATE:20260804
DTSTAMP:20251025T210043Z
UID:9b8f2693a102e67218f287effac1845c439b8caf
CATEGORIES:Holidays
CLASS:public
DESCRIPTION:Jour du Saskatchewan (Saskatchewan)
LAST-MODIFIED:20251025T210043Z
TRANSP:TRANSPARENT
END:VEVENT
BEGIN:VEVENT
SUMMARY:Jour de la Découverte (Yukon)
DTSTART;VALUE=DATE:20260817
DTEND;VALUE=DATE:20260818
DTSTAMP:20251025T210043Z
UID:cce07e2198f6677bee33aff08bcbc41da7354106
CATEGORIES:Holidays
CLASS:public
DESCRIPTION:Jour de la Découverte (Yukon)
LAST-MODIFIED:20251025T210043Z
TRANSP:TRANSPARENT
END:VEVENT
BEGIN:VEVENT
SUMMARY:Fête du Patrimoine (Yukon)
DTSTART;VALUE=DATE:20260220
DTEND;VALUE=DATE:20260221
DTSTAMP:20251025T210043Z
UID:1912154362af053708f9ad680f0a4920628f53d2
CATEGORIES:Holidays
CLASS:public
DESCRIPTION:Fête du Patrimoine (Yukon)
LAST-MODIFIED:20251025T210043Z
TRANSP:TRANSPARENT
END:VEVENT
BEGIN:VEVENT
SUMMARY:Jour de l'an
DTSTART;VALUE=DATE:20270101
DTEND;VALUE=DATE:20270102
DTSTAMP:20251025T210043Z
UID:22f0d93e5c6ff159bee290d6af77e8df34a1726a
CATEGORIES:Holidays
CLASS:public
DESCRIPTION:Jour de l'an
LAST-MODIFIED:20251025T210043Z
TRANSP:OPAQUE
END:VEVENT
BEGIN:VEVENT
SUMMARY:Vendredi saint
DTSTART;VALUE=DATE:20270326
DTEND;VALUE=DATE:20270327
DTSTAMP:20251025T210043Z
UID:9e02a11e26541bf3e6008f9be64e89b868cb0e95
CATEGORIES:Holidays
CLASS:public
DESCRIPTION:Vendredi saint
LAST-MODIFIED:20251025T210043Z
TRANSP:OPAQUE
END:VEVENT
BEGIN:VEVENT
SUMMARY:Fête du Travail
DTSTART;VALUE=DATE:20270906
DTEND;VALUE=DATE:20270907
DTSTAMP:20251025T210043Z
UID:b9169be077313babc5ff451b74ea732b9253be82
CATEGORIES:Holidays
CLASS:public
DESCRIPTION:Fête du Travail
LAST-MODIFIED:20251025T210043Z
TRANSP:OPAQUE
END:VEVENT
BEGIN:VEVENT
SUMMARY:Jour de Noël
DTSTART;VALUE=DATE:20271225
DTEND;VALUE=DATE:20271226
DTSTAMP:20251025T210043Z
UID:ce9ff169b1c266e69ae72b6ebe94ce56dfe1795d
CATEGORIES:Holidays
CLASS:public
DESCRIPTION:Jour de Noël
LAST-MODIFIED:20251025T210043Z
TRANSP:OPAQUE
END:VEVENT
BEGIN:VEVENT
SUMMARY:Jour de Noël (Observé)
DTSTART;VALUE=DATE:20271227
DTEND;VALUE=DATE:20271228
DTSTAMP:20251025T210043Z
UID:aed6270856330519e53263ad9bbe427d494f6eeb
CATEGORIES:Holidays
CLASS:public
DESCRIPTION:Jour de Noël (Observé)
LAST-MODIFIED:20251025T210043Z
TRANSP:OPAQUE
END:VEVENT
BEGIN:VEVENT
SUMMARY:Journée nationale de la vérité et de la réconciliation
DTSTART;VALUE=DATE:20270930
DTEND;VALUE=DATE:20271001
DTSTAMP:20251025T210043Z
UID:419761e9054931562fa15c7e2c5be264e1f3903f
CATEGORIES:Holidays
CLASS:public
DESCRIPTION:Journée nationale de la vérité et de la réconciliation
LAST-MODIFIED:20251025T210043Z
TRANSP:OPAQUE
END:VEVENT
BEGIN:VEVENT
SUMMARY:Action de grâce
DTSTART;VALUE=DATE:20271011
DTEND;VALUE=DATE:20271012
DTSTAMP:20251025T210043Z
UID:8f6d9172a1f2b3fd71bbde5cd2816d365779b8df
CATEGORIES:Holidays
CLASS:public
DESCRIPTION:Action de grâce
LAST-MODIFIED:20251025T210043Z
TRANSP:OPAQUE
END:VEVENT
BEGIN:VEVENT
SUMMARY:Jour du Souvenir
DTSTART;VALUE=DATE:20271111
DTEND;VALUE=DATE:20271112
DTSTAMP:20251025T210043Z
UID:a84e8c894cbf5a42eb3694b66f3e174ecfdb3045
CATEGORIES:Holidays
CLASS:public
DESCRIPTION:Jour du Souvenir
LAST-MODIFIED:20251025T210043Z
TRANSP:OPAQUE
END:VEVENT
BEGIN:VEVENT
SUMMARY:Boxing Day
DTSTART;VALUE=DATE:20271226
DTEND;VALUE=DATE:20271227
DTSTAMP:20251025T210043Z
UID:07075ec412ec8587aed6a8da6c6e7eae3a26938b
CATEGORIES:Holidays
CLASS:public
DESCRIPTION:Boxing Day
LAST-MODIFIED:20251025T210043Z
TRANSP:OPAQUE
END:VEVENT
BEGIN:VEVENT
SUMMARY:Boxing Day (Observé)
DTSTART;VALUE=DATE:20271228
DTEND;VALUE=DATE:20271229
DTSTAMP:20251025T210043Z
UID:e0d34f8e868eca4f532c0fe2f1403b44c619dde5
CATEGORIES:Holidays
CLASS:public
DESCRIPTION:Boxing Day (Observé)
LAST-MODIFIED:20251025T210043Z
TRANSP:OPAQUE
END:VEVENT
BEGIN:VEVENT
SUMMARY:Fête du Canada (All except Terre-Neuve-et-Labrador)
DTSTART;VALUE=DATE:20270701
DTEND;VALUE=DATE:20270702
DTSTAMP:20251025T210043Z
UID:04ca3bda5010d9ae1a2460d06867d4a36534a71f
CATEGORIES:Holidays
CLASS:public
DESCRIPTION:Fête du Canada (All except Terre-Neuve-et-Labrador)
LAST-MODIFIED:20251025T210043Z
TRANSP:TRANSPARENT
END:VEVENT
BEGIN:VEVENT
SUMMARY:Fête de la Reine (All except Québec)
DTSTART;VALUE=DATE:20270524
DTEND;VALUE=DATE:20270525
DTSTAMP:20251025T210043Z
UID:4973719629dace1021a8789b645b4afc8ab61acc
CATEGORIES:Holidays
CLASS:public
DESCRIPTION:Fête de la Reine (All except Québec)
LAST-MODIFIED:20251025T210043Z
TRANSP:TRANSPARENT
END:VEVENT
BEGIN:VEVENT
SUMMARY:Fête de la famille (AB\, BC\, NB\, ON\, SK)
DTSTART;VALUE=DATE:20270215
DTEND;VALUE=DATE:20270216
DTSTAMP:20251025T210043Z
UID:cc0309c6ee7717a05f98bc07379f50a65ab6ee42
CATEGORIES:Holidays
CLASS:public
DESCRIPTION:Fête de la famille (AB\, BC\, NB\, ON\, SK)
LAST-MODIFIED:20251025T210043Z
TRANSP:TRANSPARENT
END:VEVENT
BEGIN:VEVENT
SUMMARY:Lundi de Pâques (AB\, QC)
DTSTART;VALUE=DATE:20270329
DTEND;VALUE=DATE:20270330
DTSTAMP:20251025T210043Z
UID:a4c9741420b8c7b489f67f393ded1b796ae5ea96
CATEGORIES:Holidays
CLASS:public
DESCRIPTION:Lundi de Pâques (AB\, QC)
LAST-MODIFIED:20251025T210043Z
TRANSP:TRANSPARENT
END:VEVENT
BEGIN:VEVENT
SUMMARY:Fête du Patrimoine (Alberta)
DTSTART;VALUE=DATE:20270802
DTEND;VALUE=DATE:20270803
DTSTAMP:20251025T210043Z
UID:df20227dc6399449660124ce4c99aa044e044fae
CATEGORIES:Holidays
CLASS:public
DESCRIPTION:Fête du Patrimoine (Alberta)
LAST-MODIFIED:20251025T210043Z
TRANSP:TRANSPARENT
END:VEVENT
BEGIN:VEVENT
SUMMARY:Jour de la Colombie Britannique (Colombie-Britannique)
DTSTART;VALUE=DATE:20270802
DTEND;VALUE=DATE:20270803
DTSTAMP:20251025T210043Z
UID:3b17112d5e68f8c1765df905db2108526060df9e
CATEGORIES:Holidays
CLASS:public
DESCRIPTION:Jour de la Colombie Britannique (Colombie-Britannique)
LAST-MODIFIED:20251025T210043Z
TRANSP:TRANSPARENT
END:VEVENT
BEGIN:VEVENT
SUMMARY:Journée Louis Riel (Manitoba)
DTSTART;VALUE=DATE:20270215
DTEND;VALUE=DATE:20270216
DTSTAMP:20251025T210043Z
UID:befe74ef212501b32c0e49d1dcf2ab821170305c
CATEGORIES:Holidays
CLASS:public
DESCRIPTION:Journée Louis Riel (Manitoba)
LAST-MODIFIED:20251025T210043Z
TRANSP:TRANSPARENT
END:VEVENT
BEGIN:VEVENT
SUMMARY:Journée Terry Fox (Manitoba)
DTSTART;VALUE=DATE:20270802
DTEND;VALUE=DATE:20270803
DTSTAMP:20251025T210043Z
UID:50f5732999ac65ed84d485df5ab6b8c5268372f5
CATEGORIES:Holidays
CLASS:public
DESCRIPTION:Journée Terry Fox (Manitoba)
LAST-MODIFIED:20251025T210043Z
TRANSP:TRANSPARENT
END:VEVENT
BEGIN:VEVENT
SUMMARY:Jour du Nouveau Brunswick (Nouveau-Brunswick)
DTSTART;VALUE=DATE:20270802
DTEND;VALUE=DATE:20270803
DTSTAMP:20251025T210043Z
UID:8759a42f45c070a1ee5e4a423b90199eafc72b59
CATEGORIES:Holidays
CLASS:public
DESCRIPTION:Jour du Nouveau Brunswick (Nouveau-Brunswick)
LAST-MODIFIED:20251025T210043Z
TRANSP:TRANSPARENT
END:VEVENT
BEGIN:VEVENT
SUMMARY:Fête du Canada\; Jour de mémorial (Terre-Neuve-et-Labrador)
DTSTART;VALUE=DATE:20270701
DTEND;VALUE=DATE:20270702
DTSTAMP:20251025T210043Z
UID:ed44388b9b556ed7756024c6598c19a9286d0767
CATEGORIES:Holidays
CLASS:public
DESCRIPTION:Fête du Canada\; Jour de mémorial (Terre-Neuve-et-Labrador)
LAST-MODIFIED:20251025T210043Z
TRANSP:TRANSPARENT
END:VEVENT
BEGIN:VEVENT
SUMMARY:Fête de la Saint-Patrick (Terre-Neuve-et-Labrador)
DTSTART;VALUE=DATE:20270315
DTEND;VALUE=DATE:20270316
DTSTAMP:20251025T210043Z
UID:44332d192f45399e546a224ca0acb8af05b4ff4d
CATEGORIES:Holidays
CLASS:public
DESCRIPTION:Fête de la Saint-Patrick (Terre-Neuve-et-Labrador)
LAST-MODIFIED:20251025T210043Z
TRANSP:TRANSPARENT
END:VEVENT
BEGIN:VEVENT
SUMMARY:Fête de la Saint-Georges (Terre-Neuve-et-Labrador)
DTSTART;VALUE=DATE:20270426
DTEND;VALUE=DATE:20270427
DTSTAMP:20251025T210043Z
UID:773d923350ecd5bfcfcf7e728fedbd570c9cec5e
CATEGORIES:Holidays
CLASS:public
DESCRIPTION:Fête de la Saint-Georges (Terre-Neuve-et-Labrador)
LAST-MODIFIED:20251025T210043Z
TRANSP:TRANSPARENT
END:VEVENT
BEGIN:VEVENT
SUMMARY:Jour de la Découverte (Terre-Neuve-et-Labrador)
DTSTART;VALUE=DATE:20270621
DTEND;VALUE=DATE:20270622
DTSTAMP:20251025T210043Z
UID:8c82019ad7ad247997e355fc0708dafcf9774f0f
CATEGORIES:Holidays
CLASS:public
DESCRIPTION:Jour de la Découverte (Terre-Neuve-et-Labrador)
LAST-MODIFIED:20251025T210043Z
TRANSP:TRANSPARENT
END:VEVENT
BEGIN:VEVENT
SUMMARY:Journée des Orangistes (Terre-Neuve-et-Labrador)
DTSTART;VALUE=DATE:20270712
DTEND;VALUE=DATE:20270713
DTSTAMP:20251025T210043Z
UID:9c39b9d97b2658651a724f3d6f5c394cecdc6f23
CATEGORIES:Holidays
CLASS:public
DESCRIPTION:Journée des Orangistes (Terre-Neuve-et-Labrador)
LAST-MODIFIED:20251025T210043Z
TRANSP:TRANSPARENT
END:VEVENT
BEGIN:VEVENT
SUMMARY:Fête du Patrimoine (Nouvelle-Écosse)
DTSTART;VALUE=DATE:20270215
DTEND;VALUE=DATE:20270216
DTSTAMP:20251025T210043Z
UID:ca943b99bc2c179de23f07fa9057ba10bc46a35f
CATEGORIES:Holidays
CLASS:public
DESCRIPTION:Fête du Patrimoine (Nouvelle-Écosse)
LAST-MODIFIED:20251025T210043Z
TRANSP:TRANSPARENT
END:VEVENT
BEGIN:VEVENT
SUMMARY:Jour de la Fondation (Nouvelle-Écosse)
DTSTART;VALUE=DATE:20270802
DTEND;VALUE=DATE:20270803
DTSTAMP:20251025T210043Z
UID:df447eafafc00ff6abc37ac27eab25d48ed3c9b7
CATEGORIES:Holidays
CLASS:public
DESCRIPTION:Jour de la Fondation (Nouvelle-Écosse)
LAST-MODIFIED:20251025T210043Z
TRANSP:TRANSPARENT
END:VEVENT
BEGIN:VEVENT
SUMMARY:Journée nationale des Autochtones (NT\, YT)
DTSTART;VALUE=DATE:20270621
DTEND;VALUE=DATE:20270622
DTSTAMP:20251025T210043Z
UID:57f04d5e1d66835b562a7586f520f43d7cd0ffcb
CATEGORIES:Holidays
CLASS:public
DESCRIPTION:Journée nationale des Autochtones (NT\, YT)
LAST-MODIFIED:20251025T210043Z
TRANSP:TRANSPARENT
END:VEVENT
BEGIN:VEVENT
SUMMARY:Premier lundi d'août (NT\, NU\, ON)
DTSTART;VALUE=DATE:20270802
DTEND;VALUE=DATE:20270803
DTSTAMP:20251025T210043Z
UID:173179684673eab8507629b2ee3b0263b5236a1c
CATEGORIES:Holidays
CLASS:public
DESCRIPTION:Premier lundi d'août (NT\, NU\, ON)
LAST-MODIFIED:20251025T210043Z
TRANSP:TRANSPARENT
END:VEVENT
BEGIN:VEVENT
SUMMARY:Jour du Nunavut (Nunavut)
DTSTART;VALUE=DATE:20270709
DTEND;VALUE=DATE:20270710
DTSTAMP:20251025T210043Z
UID:7c3732c9491d411a0b0f96dbc9bab53afbf1e6aa
CATEGORIES:Holidays
CLASS:public
DESCRIPTION:Jour du Nunavut (Nunavut)
LAST-MODIFIED:20251025T210043Z
TRANSP:TRANSPARENT
END:VEVENT
BEGIN:VEVENT
SUMMARY:Fête des Insulaires (Île-du-Prince-Édouard)
DTSTART;VALUE=DATE:20270215
DTEND;VALUE=DATE:20270216
DTSTAMP:20251025T210043Z
UID:6a3abbdbe519c39a5dce27127953a9bd4075719b
CATEGORIES:Holidays
CLASS:public
DESCRIPTION:Fête des Insulaires (Île-du-Prince-Édouard)
LAST-MODIFIED:20251025T210043Z
TRANSP:TRANSPARENT
END:VEVENT
BEGIN:VEVENT
SUMMARY:Fête de la Reine\; Journée nationale des patriotes (Québec)
DTSTART;VALUE=DATE:20270524
DTEND;VALUE=DATE:20270525
DTSTAMP:20251025T210043Z
UID:444a7583e27ba5290f639142d5c1a93c90d91c14
CATEGORIES:Holidays
CLASS:public
DESCRIPTION:Fête de la Reine\; Journée nationale des patriotes (Québec)
LAST-MODIFIED:20251025T210043Z
TRANSP:TRANSPARENT
END:VEVENT
BEGIN:VEVENT
SUMMARY:Fête nationale du Québec (Québec)
DTSTART;VALUE=DATE:20270624
DTEND;VALUE=DATE:20270625
DTSTAMP:20251025T210043Z
UID:736ab1b14124abc470b348ecae5a6c468103cd70
CATEGORIES:Holidays
CLASS:public
DESCRIPTION:Fête nationale du Québec (Québec)
LAST-MODIFIED:20251025T210043Z
TRANSP:TRANSPARENT
END:VEVENT
BEGIN:VEVENT
SUMMARY:Jour du Saskatchewan (Saskatchewan)
DTSTART;VALUE=DATE:20270802
DTEND;VALUE=DATE:20270803
DTSTAMP:20251025T210043Z
UID:f118da281386e1f7b746f9794d51f8c2edb5789a
CATEGORIES:Holidays
CLASS:public
DESCRIPTION:Jour du Saskatchewan (Saskatchewan)
LAST-MODIFIED:20251025T210043Z
TRANSP:TRANSPARENT
END:VEVENT
BEGIN:VEVENT
SUMMARY:Jour de la Découverte (Yukon)
DTSTART;VALUE=DATE:20270816
DTEND;VALUE=DATE:20270817
DTSTAMP:20251025T210043Z
UID:e7ecc6c3dcb1dedad69ed61121bf0c508375c138
CATEGORIES:Holidays
CLASS:public
DESCRIPTION:Jour de la Découverte (Yukon)
LAST-MODIFIED:20251025T210043Z
TRANSP:TRANSPARENT
END:VEVENT
BEGIN:VEVENT
SUMMARY:Fête du Patrimoine (Yukon)
DTSTART;VALUE=DATE:20270226
DTEND;VALUE=DATE:20270227
DTSTAMP:20251025T210043Z
UID:d030821673f93a5f581565d19ce1186e8ecc4dfd
CATEGORIES:Holidays
CLASS:public
DESCRIPTION:Fête du Patrimoine (Yukon)
LAST-MODIFIED:20251025T210043Z
TRANSP:TRANSPARENT
END:VEVENT
END:VCALENDAR
