BEGIN:VCALENDAR
VERSION:2.0
PRODID:-//Mozilla.org/NONSGML Mozilla Calendar V1.1//EN
BEGIN:VEVENT
SUMMARY:New Year's Day
DTSTART;VALUE=DATE:20250101
DTEND;VALUE=DATE:20250102
DTSTAMP:20251025T210043Z
UID:7546f2a6857878e3610bce43b3b70e4bb004f9ca
CATEGORIES:Holidays
CLASS:public
DESCRIPTION:New Year's Day
LAST-MODIFIED:20251025T210043Z
TRANSP:OPAQUE
END:VEVENT
BEGIN:VEVENT
SUMMARY:Good Friday
DTSTART;VALUE=DATE:20250418
DTEND;VALUE=DATE:20250419
DTSTAMP:20251025T210043Z
UID:a08546183d08a7d9c11d0856f94082fae01a7f13
CATEGORIES:Holidays
CLASS:public
DESCRIPTION:Good Friday
LAST-MODIFIED:20251025T210043Z
TRANSP:OPAQUE
END:VEVENT
BEGIN:VEVENT
SUMMARY:Labour Day
DTSTART;VALUE=DATE:20250901
DTEND;VALUE=DATE:20250902
DTSTAMP:20251025T210043Z
UID:6fd3680e7e08b6691abe1bb4f1c233337916c864
CATEGORIES:Holidays
CLASS:public
DESCRIPTION:Labour Day
LAST-MODIFIED:20251025T210043Z
TRANSP:OPAQUE
END:VEVENT
BEGIN:VEVENT
SUMMARY:Christmas Day
DTSTART;VALUE=DATE:20251225
DTEND;VALUE=DATE:20251226
DTSTAMP:20251025T210043Z
UID:aedfab6acd3cbdd4eaf17d9cb0fe6c7941d4db6b
CATEGORIES:Holidays
CLASS:public
DESCRIPTION:Christmas Day
LAST-MODIFIED:20251025T210043Z
TRANSP:OPAQUE
END:VEVENT
BEGIN:VEVENT
SUMMARY:National Day for Truth and Reconciliation
DTSTART;VALUE=DATE:20250930
DTEND;VALUE=DATE:20251001
DTSTAMP:20251025T210043Z
UID:c384b5b0779fad415b22cdcf309218f8e6961597
CATEGORIES:Holidays
CLASS:public
DESCRIPTION:National Day for Truth and Reconciliation
LAST-MODIFIED:20251025T210043Z
TRANSP:OPAQUE
END:VEVENT
BEGIN:VEVENT
SUMMARY:Thanksgiving Day
DTSTART;VALUE=DATE:20251013
DTEND;VALUE=DATE:20251014
DTSTAMP:20251025T210043Z
UID:25c9384652bc2e8285e5cd0b890dfc641a632991
CATEGORIES:Holidays
CLASS:public
DESCRIPTION:Thanksgiving Day
LAST-MODIFIED:20251025T210043Z
TRANSP:OPAQUE
END:VEVENT
BEGIN:VEVENT
SUMMARY:Remembrance Day
DTSTART;VALUE=DATE:20251111
DTEND;VALUE=DATE:20251112
DTSTAMP:20251025T210043Z
UID:a6b02857ac8f8fd40a7282f77a4f8a9cfd627644
CATEGORIES:Holidays
CLASS:public
DESCRIPTION:Remembrance Day
LAST-MODIFIED:20251025T210043Z
TRANSP:OPAQUE
END:VEVENT
BEGIN:VEVENT
SUMMARY:Boxing Day
DTSTART;VALUE=DATE:20251226
DTEND;VALUE=DATE:20251227
DTSTAMP:20251025T210043Z
UID:21ec90154d4ca50f798e103d4e7c313c4c54eb93
CATEGORIES:Holidays
CLASS:public
DESCRIPTION:Boxing Day
LAST-MODIFIED:20251025T210043Z
TRANSP:OPAQUE
END:VEVENT
BEGIN:VEVENT
SUMMARY:Canada Day (All except Terre-Neuve-et-Labrador)
DTSTART;VALUE=DATE:20250701
DTEND;VALUE=DATE:20250702
DTSTAMP:20251025T210043Z
UID:aa62bbbd40fd5eb1c94c31e97c2ba0bd8c579780
CATEGORIES:Holidays
CLASS:public
DESCRIPTION:Canada Day (All except Terre-Neuve-et-Labrador)
LAST-MODIFIED:20251025T210043Z
TRANSP:TRANSPARENT
END:VEVENT
BEGIN:VEVENT
SUMMARY:Victoria Day (All except Québec)
DTSTART;VALUE=DATE:20250519
DTEND;VALUE=DATE:20250520
DTSTAMP:20251025T210043Z
UID:660c645246154943a3e937bf10824d9b48e500ec
CATEGORIES:Holidays
CLASS:public
DESCRIPTION:Victoria Day (All except Québec)
LAST-MODIFIED:20251025T210043Z
TRANSP:TRANSPARENT
END:VEVENT
BEGIN:VEVENT
SUMMARY:Family Day (AB\, BC\, NB\, ON\, SK)
DTSTART;VALUE=DATE:20250217
DTEND;VALUE=DATE:20250218
DTSTAMP:20251025T210043Z
UID:f281eb350a301d6eaab79d63b62b19c6196d71d2
CATEGORIES:Holidays
CLASS:public
DESCRIPTION:Family Day (AB\, BC\, NB\, ON\, SK)
LAST-MODIFIED:20251025T210043Z
TRANSP:TRANSPARENT
END:VEVENT
BEGIN:VEVENT
SUMMARY:Easter Monday (AB\, QC)
DTSTART;VALUE=DATE:20250421
DTEND;VALUE=DATE:20250422
DTSTAMP:20251025T210043Z
UID:398350e2fa62c8278559a213071b9dcc0d231399
CATEGORIES:Holidays
CLASS:public
DESCRIPTION:Easter Monday (AB\, QC)
LAST-MODIFIED:20251025T210043Z
TRANSP:TRANSPARENT
END:VEVENT
BEGIN:VEVENT
SUMMARY:Heritage Day (Alberta)
DTSTART;VALUE=DATE:20250804
DTEND;VALUE=DATE:20250805
DTSTAMP:20251025T210043Z
UID:5a21d1e5c1ecc6aa2ea63349f214769fa78411f4
CATEGORIES:Holidays
CLASS:public
DESCRIPTION:Heritage Day (Alberta)
LAST-MODIFIED:20251025T210043Z
TRANSP:TRANSPARENT
END:VEVENT
BEGIN:VEVENT
SUMMARY:British Columbia Day (Colombie-Britannique)
DTSTART;VALUE=DATE:20250804
DTEND;VALUE=DATE:20250805
DTSTAMP:20251025T210043Z
UID:87908d35d4bec458a1b68400d665e06c8bd85429
CATEGORIES:Holidays
CLASS:public
DESCRIPTION:British Columbia Day (Colombie-Britannique)
LAST-MODIFIED:20251025T210043Z
TRANSP:TRANSPARENT
END:VEVENT
BEGIN:VEVENT
SUMMARY:Louis Riel Day (Manitoba)
DTSTART;VALUE=DATE:20250217
DTEND;VALUE=DATE:20250218
DTSTAMP:20251025T210043Z
UID:762060f8f6804089066093508ace97561d1358e9
CATEGORIES:Holidays
CLASS:public
DESCRIPTION:Louis Riel Day (Manitoba)
LAST-MODIFIED:20251025T210043Z
TRANSP:TRANSPARENT
END:VEVENT
BEGIN:VEVENT
SUMMARY:Terry Fox Day (Manitoba)
DTSTART;VALUE=DATE:20250804
DTEND;VALUE=DATE:20250805
DTSTAMP:20251025T210043Z
UID:740d86035a3a567401b10504cae92412b197114d
CATEGORIES:Holidays
CLASS:public
DESCRIPTION:Terry Fox Day (Manitoba)
LAST-MODIFIED:20251025T210043Z
TRANSP:TRANSPARENT
END:VEVENT
BEGIN:VEVENT
SUMMARY:New Brunswick Day (Nouveau-Brunswick)
DTSTART;VALUE=DATE:20250804
DTEND;VALUE=DATE:20250805
DTSTAMP:20251025T210043Z
UID:f67bb4f95c50ec2e6c334783dbc6657154a1e53c
CATEGORIES:Holidays
CLASS:public
DESCRIPTION:New Brunswick Day (Nouveau-Brunswick)
LAST-MODIFIED:20251025T210043Z
TRANSP:TRANSPARENT
END:VEVENT
BEGIN:VEVENT
SUMMARY:Canada Day\; Memorial Day (Terre-Neuve-et-Labrador)
DTSTART;VALUE=DATE:20250701
DTEND;VALUE=DATE:20250702
DTSTAMP:20251025T210043Z
UID:9d386b9edfafb8abe915f8452586cb39f4d31628
CATEGORIES:Holidays
CLASS:public
DESCRIPTION:Canada Day\; Memorial Day (Terre-Neuve-et-Labrador)
LAST-MODIFIED:20251025T210043Z
TRANSP:TRANSPARENT
END:VEVENT
BEGIN:VEVENT
SUMMARY:Saint Patrick's Day (Terre-Neuve-et-Labrador)
DTSTART;VALUE=DATE:20250317
DTEND;VALUE=DATE:20250318
DTSTAMP:20251025T210043Z
UID:6e0a479eb3fb9825c6cda2b323a64c12a1f43a30
CATEGORIES:Holidays
CLASS:public
DESCRIPTION:Saint Patrick's Day (Terre-Neuve-et-Labrador)
LAST-MODIFIED:20251025T210043Z
TRANSP:TRANSPARENT
END:VEVENT
BEGIN:VEVENT
SUMMARY:Saint George's Day (Terre-Neuve-et-Labrador)
DTSTART;VALUE=DATE:20250421
DTEND;VALUE=DATE:20250422
DTSTAMP:20251025T210043Z
UID:b1e8495f1199359a7e09a349bd537f84de37abb8
CATEGORIES:Holidays
CLASS:public
DESCRIPTION:Saint George's Day (Terre-Neuve-et-Labrador)
LAST-MODIFIED:20251025T210043Z
TRANSP:TRANSPARENT
END:VEVENT
BEGIN:VEVENT
SUMMARY:Discovery Day (Terre-Neuve-et-Labrador)
DTSTART;VALUE=DATE:20250623
DTEND;VALUE=DATE:20250624
DTSTAMP:20251025T210043Z
UID:4f67689741742bb160027f0791c3624b510d3cf7
CATEGORIES:Holidays
CLASS:public
DESCRIPTION:Discovery Day (Terre-Neuve-et-Labrador)
LAST-MODIFIED:20251025T210043Z
TRANSP:TRANSPARENT
END:VEVENT
BEGIN:VEVENT
SUMMARY:Orangemen's Day (Terre-Neuve-et-Labrador)
DTSTART;VALUE=DATE:20250714
DTEND;VALUE=DATE:20250715
DTSTAMP:20251025T210043Z
UID:d9a531a2261d26ae3775bf6550cff32655c5cf20
CATEGORIES:Holidays
CLASS:public
DESCRIPTION:Orangemen's Day (Terre-Neuve-et-Labrador)
LAST-MODIFIED:20251025T210043Z
TRANSP:TRANSPARENT
END:VEVENT
BEGIN:VEVENT
SUMMARY:Heritage Day (Nouvelle-Écosse)
DTSTART;VALUE=DATE:20250217
DTEND;VALUE=DATE:20250218
DTSTAMP:20251025T210043Z
UID:241bd3dd09027c2a5a245f6c5e55d02e3320e265
CATEGORIES:Holidays
CLASS:public
DESCRIPTION:Heritage Day (Nouvelle-Écosse)
LAST-MODIFIED:20251025T210043Z
TRANSP:TRANSPARENT
END:VEVENT
BEGIN:VEVENT
SUMMARY:Natal Day (Nouvelle-Écosse)
DTSTART;VALUE=DATE:20250804
DTEND;VALUE=DATE:20250805
DTSTAMP:20251025T210043Z
UID:f239d62890bdad3aa1cf9ba1b232e38e3e94cc9c
CATEGORIES:Holidays
CLASS:public
DESCRIPTION:Natal Day (Nouvelle-Écosse)
LAST-MODIFIED:20251025T210043Z
TRANSP:TRANSPARENT
END:VEVENT
BEGIN:VEVENT
SUMMARY:National Aboriginal Day (NT\, YT)
DTSTART;VALUE=DATE:20250621
DTEND;VALUE=DATE:20250622
DTSTAMP:20251025T210043Z
UID:a5710dd751de133951479b9529e45c7bf40cc513
CATEGORIES:Holidays
CLASS:public
DESCRIPTION:National Aboriginal Day (NT\, YT)
LAST-MODIFIED:20251025T210043Z
TRANSP:TRANSPARENT
END:VEVENT
BEGIN:VEVENT
SUMMARY:Civic Holiday (NT\, NU\, ON)
DTSTART;VALUE=DATE:20250804
DTEND;VALUE=DATE:20250805
DTSTAMP:20251025T210043Z
UID:ca3567fd7c4ea94e8b30cde216ae5c05b93618ad
CATEGORIES:Holidays
CLASS:public
DESCRIPTION:Civic Holiday (NT\, NU\, ON)
LAST-MODIFIED:20251025T210043Z
TRANSP:TRANSPARENT
END:VEVENT
BEGIN:VEVENT
SUMMARY:Nunavut Day (Nunavut)
DTSTART;VALUE=DATE:20250709
DTEND;VALUE=DATE:20250710
DTSTAMP:20251025T210043Z
UID:bbb28057d3601b29f3ba83e03445049291ed5c1b
CATEGORIES:Holidays
CLASS:public
DESCRIPTION:Nunavut Day (Nunavut)
LAST-MODIFIED:20251025T210043Z
TRANSP:TRANSPARENT
END:VEVENT
BEGIN:VEVENT
SUMMARY:Islander Day (Île-du-Prince-Édouard)
DTSTART;VALUE=DATE:20250217
DTEND;VALUE=DATE:20250218
DTSTAMP:20251025T210043Z
UID:c9267b13e45a7652d258dd8bd39911acaf815434
CATEGORIES:Holidays
CLASS:public
DESCRIPTION:Islander Day (Île-du-Prince-Édouard)
LAST-MODIFIED:20251025T210043Z
TRANSP:TRANSPARENT
END:VEVENT
BEGIN:VEVENT
SUMMARY:National Patriots' Day\; Victoria Day (Québec)
DTSTART;VALUE=DATE:20250519
DTEND;VALUE=DATE:20250520
DTSTAMP:20251025T210043Z
UID:d40baec0676f1963141c63d12a273d7bf071e381
CATEGORIES:Holidays
CLASS:public
DESCRIPTION:National Patriots' Day\; Victoria Day (Québec)
LAST-MODIFIED:20251025T210043Z
TRANSP:TRANSPARENT
END:VEVENT
BEGIN:VEVENT
SUMMARY:Saint Jean Baptiste Day (Québec)
DTSTART;VALUE=DATE:20250624
DTEND;VALUE=DATE:20250625
DTSTAMP:20251025T210043Z
UID:f79e4f0dddc27878b01ed15587a62b92eecc0451
CATEGORIES:Holidays
CLASS:public
DESCRIPTION:Saint Jean Baptiste Day (Québec)
LAST-MODIFIED:20251025T210043Z
TRANSP:TRANSPARENT
END:VEVENT
BEGIN:VEVENT
SUMMARY:Saskatchewan Day (Saskatchewan)
DTSTART;VALUE=DATE:20250804
DTEND;VALUE=DATE:20250805
DTSTAMP:20251025T210043Z
UID:55f9c9b85b830d73b6d0bb44c76ec43ac34cdbe0
CATEGORIES:Holidays
CLASS:public
DESCRIPTION:Saskatchewan Day (Saskatchewan)
LAST-MODIFIED:20251025T210043Z
TRANSP:TRANSPARENT
END:VEVENT
BEGIN:VEVENT
SUMMARY:Discovery Day (Yukon)
DTSTART;VALUE=DATE:20250818
DTEND;VALUE=DATE:20250819
DTSTAMP:20251025T210043Z
UID:0bbaa61af818378e859b37f7b2312a458f260f9c
CATEGORIES:Holidays
CLASS:public
DESCRIPTION:Discovery Day (Yukon)
LAST-MODIFIED:20251025T210043Z
TRANSP:TRANSPARENT
END:VEVENT
BEGIN:VEVENT
SUMMARY:Heritage Day (Yukon)
DTSTART;VALUE=DATE:20250221
DTEND;VALUE=DATE:20250222
DTSTAMP:20251025T210043Z
UID:ffc4572c3dc6c0ad538a8ebbc0c3f433042da9a8
CATEGORIES:Holidays
CLASS:public
DESCRIPTION:Heritage Day (Yukon)
LAST-MODIFIED:20251025T210043Z
TRANSP:TRANSPARENT
END:VEVENT
BEGIN:VEVENT
SUMMARY:New Year's Day
DTSTART;VALUE=DATE:20260101
DTEND;VALUE=DATE:20260102
DTSTAMP:20251025T210043Z
UID:3dee46d2e58759d794a9fa763617f39d5ccec7cb
CATEGORIES:Holidays
CLASS:public
DESCRIPTION:New Year's Day
LAST-MODIFIED:20251025T210043Z
TRANSP:OPAQUE
END:VEVENT
BEGIN:VEVENT
SUMMARY:Good Friday
DTSTART;VALUE=DATE:20260403
DTEND;VALUE=DATE:20260404
DTSTAMP:20251025T210043Z
UID:bb0ba348323d14c883c49445d8ec3ce863885029
CATEGORIES:Holidays
CLASS:public
DESCRIPTION:Good Friday
LAST-MODIFIED:20251025T210043Z
TRANSP:OPAQUE
END:VEVENT
BEGIN:VEVENT
SUMMARY:Labour Day
DTSTART;VALUE=DATE:20260907
DTEND;VALUE=DATE:20260908
DTSTAMP:20251025T210043Z
UID:1bd8a11a148de4285d571e12d7ca0ccbbd4c1c3b
CATEGORIES:Holidays
CLASS:public
DESCRIPTION:Labour Day
LAST-MODIFIED:20251025T210043Z
TRANSP:OPAQUE
END:VEVENT
BEGIN:VEVENT
SUMMARY:Christmas Day
DTSTART;VALUE=DATE:20261225
DTEND;VALUE=DATE:20261226
DTSTAMP:20251025T210043Z
UID:7891ea2f2736db6ba8c29a12760b74b7dadc4e0a
CATEGORIES:Holidays
CLASS:public
DESCRIPTION:Christmas Day
LAST-MODIFIED:20251025T210043Z
TRANSP:OPAQUE
END:VEVENT
BEGIN:VEVENT
SUMMARY:National Day for Truth and Reconciliation
DTSTART;VALUE=DATE:20260930
DTEND;VALUE=DATE:20261001
DTSTAMP:20251025T210043Z
UID:11aae6d9fcf4cdd97984847442e61d8534ebfde0
CATEGORIES:Holidays
CLASS:public
DESCRIPTION:National Day for Truth and Reconciliation
LAST-MODIFIED:20251025T210043Z
TRANSP:OPAQUE
END:VEVENT
BEGIN:VEVENT
SUMMARY:Thanksgiving Day
DTSTART;VALUE=DATE:20261012
DTEND;VALUE=DATE:20261013
DTSTAMP:20251025T210043Z
UID:f08eff33969c21def00f6e4486feeaa91dcb6e8e
CATEGORIES:Holidays
CLASS:public
DESCRIPTION:Thanksgiving Day
LAST-MODIFIED:20251025T210043Z
TRANSP:OPAQUE
END:VEVENT
BEGIN:VEVENT
SUMMARY:Remembrance Day
DTSTART;VALUE=DATE:20261111
DTEND;VALUE=DATE:20261112
DTSTAMP:20251025T210043Z
UID:007635dfae794ec69326f374e82bd8e8e10678da
CATEGORIES:Holidays
CLASS:public
DESCRIPTION:Remembrance Day
LAST-MODIFIED:20251025T210043Z
TRANSP:OPAQUE
END:VEVENT
BEGIN:VEVENT
SUMMARY:Boxing Day
DTSTART;VALUE=DATE:20261226
DTEND;VALUE=DATE:20261227
DTSTAMP:20251025T210043Z
UID:7e463820af5b95ce82c26a0637165e3ceaceed96
CATEGORIES:Holidays
CLASS:public
DESCRIPTION:Boxing Day
LAST-MODIFIED:20251025T210043Z
TRANSP:OPAQUE
END:VEVENT
BEGIN:VEVENT
SUMMARY:Boxing Day (observed)
DTSTART;VALUE=DATE:20261228
DTEND;VALUE=DATE:20261229
DTSTAMP:20251025T210043Z
UID:e9ae49ebac09f674206f7a2c4fd4e9265220bba0
CATEGORIES:Holidays
CLASS:public
DESCRIPTION:Boxing Day (observed)
LAST-MODIFIED:20251025T210043Z
TRANSP:OPAQUE
END:VEVENT
BEGIN:VEVENT
SUMMARY:Canada Day (All except Terre-Neuve-et-Labrador)
DTSTART;VALUE=DATE:20260701
DTEND;VALUE=DATE:20260702
DTSTAMP:20251025T210043Z
UID:22e086d86d9f93711cbfcac915cb9f89646fa987
CATEGORIES:Holidays
CLASS:public
DESCRIPTION:Canada Day (All except Terre-Neuve-et-Labrador)
LAST-MODIFIED:20251025T210043Z
TRANSP:TRANSPARENT
END:VEVENT
BEGIN:VEVENT
SUMMARY:Victoria Day (All except Québec)
DTSTART;VALUE=DATE:20260518
DTEND;VALUE=DATE:20260519
DTSTAMP:20251025T210043Z
UID:f73b3d7945ca01d42466b388e295f7517daf40fc
CATEGORIES:Holidays
CLASS:public
DESCRIPTION:Victoria Day (All except Québec)
LAST-MODIFIED:20251025T210043Z
TRANSP:TRANSPARENT
END:VEVENT
BEGIN:VEVENT
SUMMARY:Family Day (AB\, BC\, NB\, ON\, SK)
DTSTART;VALUE=DATE:20260216
DTEND;VALUE=DATE:20260217
DTSTAMP:20251025T210043Z
UID:eef3c9af0650c54b03cca368b59c515bf1d0190d
CATEGORIES:Holidays
CLASS:public
DESCRIPTION:Family Day (AB\, BC\, NB\, ON\, SK)
LAST-MODIFIED:20251025T210043Z
TRANSP:TRANSPARENT
END:VEVENT
BEGIN:VEVENT
SUMMARY:Easter Monday (AB\, QC)
DTSTART;VALUE=DATE:20260406
DTEND;VALUE=DATE:20260407
DTSTAMP:20251025T210043Z
UID:d4bfd2451ffdbae1c1e386d89b444a2b311176ce
CATEGORIES:Holidays
CLASS:public
DESCRIPTION:Easter Monday (AB\, QC)
LAST-MODIFIED:20251025T210043Z
TRANSP:TRANSPARENT
END:VEVENT
BEGIN:VEVENT
SUMMARY:Heritage Day (Alberta)
DTSTART;VALUE=DATE:20260803
DTEND;VALUE=DATE:20260804
DTSTAMP:20251025T210043Z
UID:aaba5e7a4ecd90ffbfa70e4319cca8be52819409
CATEGORIES:Holidays
CLASS:public
DESCRIPTION:Heritage Day (Alberta)
LAST-MODIFIED:20251025T210043Z
TRANSP:TRANSPARENT
END:VEVENT
BEGIN:VEVENT
SUMMARY:British Columbia Day (Colombie-Britannique)
DTSTART;VALUE=DATE:20260803
DTEND;VALUE=DATE:20260804
DTSTAMP:20251025T210043Z
UID:ad265b20b1f8ccf269baf729f5636ed5dd945783
CATEGORIES:Holidays
CLASS:public
DESCRIPTION:British Columbia Day (Colombie-Britannique)
LAST-MODIFIED:20251025T210043Z
TRANSP:TRANSPARENT
END:VEVENT
BEGIN:VEVENT
SUMMARY:Louis Riel Day (Manitoba)
DTSTART;VALUE=DATE:20260216
DTEND;VALUE=DATE:20260217
DTSTAMP:20251025T210043Z
UID:d971acc5772ad2e042212460d60a0407e44a2870
CATEGORIES:Holidays
CLASS:public
DESCRIPTION:Louis Riel Day (Manitoba)
LAST-MODIFIED:20251025T210043Z
TRANSP:TRANSPARENT
END:VEVENT
BEGIN:VEVENT
SUMMARY:Terry Fox Day (Manitoba)
DTSTART;VALUE=DATE:20260803
DTEND;VALUE=DATE:20260804
DTSTAMP:20251025T210043Z
UID:9f2f9ddeabc125278f3c1cc7eb7d1b037011ab85
CATEGORIES:Holidays
CLASS:public
DESCRIPTION:Terry Fox Day (Manitoba)
LAST-MODIFIED:20251025T210043Z
TRANSP:TRANSPARENT
END:VEVENT
BEGIN:VEVENT
SUMMARY:New Brunswick Day (Nouveau-Brunswick)
DTSTART;VALUE=DATE:20260803
DTEND;VALUE=DATE:20260804
DTSTAMP:20251025T210043Z
UID:d5277636f83bc7b2ee4bc4468de6a024cca5ac34
CATEGORIES:Holidays
CLASS:public
DESCRIPTION:New Brunswick Day (Nouveau-Brunswick)
LAST-MODIFIED:20251025T210043Z
TRANSP:TRANSPARENT
END:VEVENT
BEGIN:VEVENT
SUMMARY:Canada Day\; Memorial Day (Terre-Neuve-et-Labrador)
DTSTART;VALUE=DATE:20260701
DTEND;VALUE=DATE:20260702
DTSTAMP:20251025T210043Z
UID:ac024c40e0b26c75aef8c5addc3e1a173d7924be
CATEGORIES:Holidays
CLASS:public
DESCRIPTION:Canada Day\; Memorial Day (Terre-Neuve-et-Labrador)
LAST-MODIFIED:20251025T210043Z
TRANSP:TRANSPARENT
END:VEVENT
BEGIN:VEVENT
SUMMARY:Saint Patrick's Day (Terre-Neuve-et-Labrador)
DTSTART;VALUE=DATE:20260316
DTEND;VALUE=DATE:20260317
DTSTAMP:20251025T210043Z
UID:5a16043807bd45a1467e20e2cae201ab824a8896
CATEGORIES:Holidays
CLASS:public
DESCRIPTION:Saint Patrick's Day (Terre-Neuve-et-Labrador)
LAST-MODIFIED:20251025T210043Z
TRANSP:TRANSPARENT
END:VEVENT
BEGIN:VEVENT
SUMMARY:Saint George's Day (Terre-Neuve-et-Labrador)
DTSTART;VALUE=DATE:20260420
DTEND;VALUE=DATE:20260421
DTSTAMP:20251025T210043Z
UID:0632b18dc08d67803407558d211d45277742968f
CATEGORIES:Holidays
CLASS:public
DESCRIPTION:Saint George's Day (Terre-Neuve-et-Labrador)
LAST-MODIFIED:20251025T210043Z
TRANSP:TRANSPARENT
END:VEVENT
BEGIN:VEVENT
SUMMARY:Discovery Day (Terre-Neuve-et-Labrador)
DTSTART;VALUE=DATE:20260622
DTEND;VALUE=DATE:20260623
DTSTAMP:20251025T210043Z
UID:94c5412b33d817a14e46561961094c13c20460fd
CATEGORIES:Holidays
CLASS:public
DESCRIPTION:Discovery Day (Terre-Neuve-et-Labrador)
LAST-MODIFIED:20251025T210043Z
TRANSP:TRANSPARENT
END:VEVENT
BEGIN:VEVENT
SUMMARY:Orangemen's Day (Terre-Neuve-et-Labrador)
DTSTART;VALUE=DATE:20260713
DTEND;VALUE=DATE:20260714
DTSTAMP:20251025T210043Z
UID:4bc88700b07d9b5d83f8fe89690a0a03b284c542
CATEGORIES:Holidays
CLASS:public
DESCRIPTION:Orangemen's Day (Terre-Neuve-et-Labrador)
LAST-MODIFIED:20251025T210043Z
TRANSP:TRANSPARENT
END:VEVENT
BEGIN:VEVENT
SUMMARY:Heritage Day (Nouvelle-Écosse)
DTSTART;VALUE=DATE:20260216
DTEND;VALUE=DATE:20260217
DTSTAMP:20251025T210043Z
UID:c86cea78912fc94803979c10b843f827532f0bd3
CATEGORIES:Holidays
CLASS:public
DESCRIPTION:Heritage Day (Nouvelle-Écosse)
LAST-MODIFIED:20251025T210043Z
TRANSP:TRANSPARENT
END:VEVENT
BEGIN:VEVENT
SUMMARY:Natal Day (Nouvelle-Écosse)
DTSTART;VALUE=DATE:20260803
DTEND;VALUE=DATE:20260804
DTSTAMP:20251025T210043Z
UID:9ab3086ac0696d907b58186c1e37216764eb5489
CATEGORIES:Holidays
CLASS:public
DESCRIPTION:Natal Day (Nouvelle-Écosse)
LAST-MODIFIED:20251025T210043Z
TRANSP:TRANSPARENT
END:VEVENT
BEGIN:VEVENT
SUMMARY:National Aboriginal Day (NT\, YT)
DTSTART;VALUE=DATE:20260621
DTEND;VALUE=DATE:20260622
DTSTAMP:20251025T210043Z
UID:74c1698067d1e9ae261e8682c8759dbf332d35aa
CATEGORIES:Holidays
CLASS:public
DESCRIPTION:National Aboriginal Day (NT\, YT)
LAST-MODIFIED:20251025T210043Z
TRANSP:TRANSPARENT
END:VEVENT
BEGIN:VEVENT
SUMMARY:Civic Holiday (NT\, NU\, ON)
DTSTART;VALUE=DATE:20260803
DTEND;VALUE=DATE:20260804
DTSTAMP:20251025T210043Z
UID:3ee5fb1b04b349bd30841cab83d72d5a52d004a5
CATEGORIES:Holidays
CLASS:public
DESCRIPTION:Civic Holiday (NT\, NU\, ON)
LAST-MODIFIED:20251025T210043Z
TRANSP:TRANSPARENT
END:VEVENT
BEGIN:VEVENT
SUMMARY:Nunavut Day (Nunavut)
DTSTART;VALUE=DATE:20260709
DTEND;VALUE=DATE:20260710
DTSTAMP:20251025T210043Z
UID:dafa6812cb9a555dff3d9becdcdcf44a53f983fc
CATEGORIES:Holidays
CLASS:public
DESCRIPTION:Nunavut Day (Nunavut)
LAST-MODIFIED:20251025T210043Z
TRANSP:TRANSPARENT
END:VEVENT
BEGIN:VEVENT
SUMMARY:Islander Day (Île-du-Prince-Édouard)
DTSTART;VALUE=DATE:20260216
DTEND;VALUE=DATE:20260217
DTSTAMP:20251025T210043Z
UID:47a35332e8cd0b7db4eaddfedee0bcd167374e2c
CATEGORIES:Holidays
CLASS:public
DESCRIPTION:Islander Day (Île-du-Prince-Édouard)
LAST-MODIFIED:20251025T210043Z
TRANSP:TRANSPARENT
END:VEVENT
BEGIN:VEVENT
SUMMARY:National Patriots' Day\; Victoria Day (Québec)
DTSTART;VALUE=DATE:20260518
DTEND;VALUE=DATE:20260519
DTSTAMP:20251025T210043Z
UID:aeefec4ad30e32ff4a60a3189476c3104c5fdbb1
CATEGORIES:Holidays
CLASS:public
DESCRIPTION:National Patriots' Day\; Victoria Day (Québec)
LAST-MODIFIED:20251025T210043Z
TRANSP:TRANSPARENT
END:VEVENT
BEGIN:VEVENT
SUMMARY:Saint Jean Baptiste Day (Québec)
DTSTART;VALUE=DATE:20260624
DTEND;VALUE=DATE:20260625
DTSTAMP:20251025T210043Z
UID:7cb47ffe2915454a1f9f6b94b06af01321166ac4
CATEGORIES:Holidays
CLASS:public
DESCRIPTION:Saint Jean Baptiste Day (Québec)
LAST-MODIFIED:20251025T210043Z
TRANSP:TRANSPARENT
END:VEVENT
BEGIN:VEVENT
SUMMARY:Saskatchewan Day (Saskatchewan)
DTSTART;VALUE=DATE:20260803
DTEND;VALUE=DATE:20260804
DTSTAMP:20251025T210043Z
UID:471c1f78b904f1cf3556e9ce7c1c128ecf5054f2
CATEGORIES:Holidays
CLASS:public
DESCRIPTION:Saskatchewan Day (Saskatchewan)
LAST-MODIFIED:20251025T210043Z
TRANSP:TRANSPARENT
END:VEVENT
BEGIN:VEVENT
SUMMARY:Discovery Day (Yukon)
DTSTART;VALUE=DATE:20260817
DTEND;VALUE=DATE:20260818
DTSTAMP:20251025T210043Z
UID:9f1c44959ee74afb9a46cf49e0bdaa70122ba9ac
CATEGORIES:Holidays
CLASS:public
DESCRIPTION:Discovery Day (Yukon)
LAST-MODIFIED:20251025T210043Z
TRANSP:TRANSPARENT
END:VEVENT
BEGIN:VEVENT
SUMMARY:Heritage Day (Yukon)
DTSTART;VALUE=DATE:20260220
DTEND;VALUE=DATE:20260221
DTSTAMP:20251025T210043Z
UID:552617aa26a7616eac76ae9d97cd5fcb5ce86aeb
CATEGORIES:Holidays
CLASS:public
DESCRIPTION:Heritage Day (Yukon)
LAST-MODIFIED:20251025T210043Z
TRANSP:TRANSPARENT
END:VEVENT
BEGIN:VEVENT
SUMMARY:New Year's Day
DTSTART;VALUE=DATE:20270101
DTEND;VALUE=DATE:20270102
DTSTAMP:20251025T210043Z
UID:5d7e688717df7982bd141bd2671496bb3a2b9316
CATEGORIES:Holidays
CLASS:public
DESCRIPTION:New Year's Day
LAST-MODIFIED:20251025T210043Z
TRANSP:OPAQUE
END:VEVENT
BEGIN:VEVENT
SUMMARY:Good Friday
DTSTART;VALUE=DATE:20270326
DTEND;VALUE=DATE:20270327
DTSTAMP:20251025T210043Z
UID:f0ffbb9ae1ccfa38662035a2a25257847327435b
CATEGORIES:Holidays
CLASS:public
DESCRIPTION:Good Friday
LAST-MODIFIED:20251025T210043Z
TRANSP:OPAQUE
END:VEVENT
BEGIN:VEVENT
SUMMARY:Labour Day
DTSTART;VALUE=DATE:20270906
DTEND;VALUE=DATE:20270907
DTSTAMP:20251025T210043Z
UID:fa4de2e8012b4365392e120d503c4db28c4ebe47
CATEGORIES:Holidays
CLASS:public
DESCRIPTION:Labour Day
LAST-MODIFIED:20251025T210043Z
TRANSP:OPAQUE
END:VEVENT
BEGIN:VEVENT
SUMMARY:Christmas Day
DTSTART;VALUE=DATE:20271225
DTEND;VALUE=DATE:20271226
DTSTAMP:20251025T210043Z
UID:29a8247b153099030dada1d6748d8bf7822f979d
CATEGORIES:Holidays
CLASS:public
DESCRIPTION:Christmas Day
LAST-MODIFIED:20251025T210043Z
TRANSP:OPAQUE
END:VEVENT
BEGIN:VEVENT
SUMMARY:Christmas Day (observed)
DTSTART;VALUE=DATE:20271227
DTEND;VALUE=DATE:20271228
DTSTAMP:20251025T210043Z
UID:81d016b44c7772f9f6e52331ce436b13c9c8b413
CATEGORIES:Holidays
CLASS:public
DESCRIPTION:Christmas Day (observed)
LAST-MODIFIED:20251025T210043Z
TRANSP:OPAQUE
END:VEVENT
BEGIN:VEVENT
SUMMARY:National Day for Truth and Reconciliation
DTSTART;VALUE=DATE:20270930
DTEND;VALUE=DATE:20271001
DTSTAMP:20251025T210043Z
UID:5bc9e56705d9591d8ed2ff48de876e8d1adf8c76
CATEGORIES:Holidays
CLASS:public
DESCRIPTION:National Day for Truth and Reconciliation
LAST-MODIFIED:20251025T210043Z
TRANSP:OPAQUE
END:VEVENT
BEGIN:VEVENT
SUMMARY:Thanksgiving Day
DTSTART;VALUE=DATE:20271011
DTEND;VALUE=DATE:20271012
DTSTAMP:20251025T210043Z
UID:fe05ff49faffdebb8a1654892ef2e87fc62da336
CATEGORIES:Holidays
CLASS:public
DESCRIPTION:Thanksgiving Day
LAST-MODIFIED:20251025T210043Z
TRANSP:OPAQUE
END:VEVENT
BEGIN:VEVENT
SUMMARY:Remembrance Day
DTSTART;VALUE=DATE:20271111
DTEND;VALUE=DATE:20271112
DTSTAMP:20251025T210043Z
UID:b7597e75182f4ba248dc9be1d5bf48e8faf41739
CATEGORIES:Holidays
CLASS:public
DESCRIPTION:Remembrance Day
LAST-MODIFIED:20251025T210043Z
TRANSP:OPAQUE
END:VEVENT
BEGIN:VEVENT
SUMMARY:Boxing Day
DTSTART;VALUE=DATE:20271226
DTEND;VALUE=DATE:20271227
DTSTAMP:20251025T210043Z
UID:07075ec412ec8587aed6a8da6c6e7eae3a26938b
CATEGORIES:Holidays
CLASS:public
DESCRIPTION:Boxing Day
LAST-MODIFIED:20251025T210043Z
TRANSP:OPAQUE
END:VEVENT
BEGIN:VEVENT
SUMMARY:Boxing Day (observed)
DTSTART;VALUE=DATE:20271228
DTEND;VALUE=DATE:20271229
DTSTAMP:20251025T210043Z
UID:0e4c70e7307618edc6924f1b398e3090747ed036
CATEGORIES:Holidays
CLASS:public
DESCRIPTION:Boxing Day (observed)
LAST-MODIFIED:20251025T210043Z
TRANSP:OPAQUE
END:VEVENT
BEGIN:VEVENT
SUMMARY:Canada Day (All except Terre-Neuve-et-Labrador)
DTSTART;VALUE=DATE:20270701
DTEND;VALUE=DATE:20270702
DTSTAMP:20251025T210043Z
UID:490ac496dd36e17a00861d68ce6f7c07bb41aae0
CATEGORIES:Holidays
CLASS:public
DESCRIPTION:Canada Day (All except Terre-Neuve-et-Labrador)
LAST-MODIFIED:20251025T210043Z
TRANSP:TRANSPARENT
END:VEVENT
BEGIN:VEVENT
SUMMARY:Victoria Day (All except Québec)
DTSTART;VALUE=DATE:20270524
DTEND;VALUE=DATE:20270525
DTSTAMP:20251025T210043Z
UID:8139e46d0624dbcd536ad962f7aecfb192f5350f
CATEGORIES:Holidays
CLASS:public
DESCRIPTION:Victoria Day (All except Québec)
LAST-MODIFIED:20251025T210043Z
TRANSP:TRANSPARENT
END:VEVENT
BEGIN:VEVENT
SUMMARY:Family Day (AB\, BC\, NB\, ON\, SK)
DTSTART;VALUE=DATE:20270215
DTEND;VALUE=DATE:20270216
DTSTAMP:20251025T210043Z
UID:b30be94d666559196123f9a91ab494a95e0edfdf
CATEGORIES:Holidays
CLASS:public
DESCRIPTION:Family Day (AB\, BC\, NB\, ON\, SK)
LAST-MODIFIED:20251025T210043Z
TRANSP:TRANSPARENT
END:VEVENT
BEGIN:VEVENT
SUMMARY:Easter Monday (AB\, QC)
DTSTART;VALUE=DATE:20270329
DTEND;VALUE=DATE:20270330
DTSTAMP:20251025T210043Z
UID:63bce0924b5d1085f72b6ac6d57c91bcc0909c51
CATEGORIES:Holidays
CLASS:public
DESCRIPTION:Easter Monday (AB\, QC)
LAST-MODIFIED:20251025T210043Z
TRANSP:TRANSPARENT
END:VEVENT
BEGIN:VEVENT
SUMMARY:Heritage Day (Alberta)
DTSTART;VALUE=DATE:20270802
DTEND;VALUE=DATE:20270803
DTSTAMP:20251025T210043Z
UID:302d697058093cef0b12e820b70ea62de9ef2b05
CATEGORIES:Holidays
CLASS:public
DESCRIPTION:Heritage Day (Alberta)
LAST-MODIFIED:20251025T210043Z
TRANSP:TRANSPARENT
END:VEVENT
BEGIN:VEVENT
SUMMARY:British Columbia Day (Colombie-Britannique)
DTSTART;VALUE=DATE:20270802
DTEND;VALUE=DATE:20270803
DTSTAMP:20251025T210043Z
UID:6c4e78c6b676c26811cba7c28ef81e1ba00aa7cd
CATEGORIES:Holidays
CLASS:public
DESCRIPTION:British Columbia Day (Colombie-Britannique)
LAST-MODIFIED:20251025T210043Z
TRANSP:TRANSPARENT
END:VEVENT
BEGIN:VEVENT
SUMMARY:Louis Riel Day (Manitoba)
DTSTART;VALUE=DATE:20270215
DTEND;VALUE=DATE:20270216
DTSTAMP:20251025T210043Z
UID:5a8fa96d625fa38fcda4e2b557315e28515ac106
CATEGORIES:Holidays
CLASS:public
DESCRIPTION:Louis Riel Day (Manitoba)
LAST-MODIFIED:20251025T210043Z
TRANSP:TRANSPARENT
END:VEVENT
BEGIN:VEVENT
SUMMARY:Terry Fox Day (Manitoba)
DTSTART;VALUE=DATE:20270802
DTEND;VALUE=DATE:20270803
DTSTAMP:20251025T210043Z
UID:63c0d1482e74395264d9ee5b7cfcc76af9080a6e
CATEGORIES:Holidays
CLASS:public
DESCRIPTION:Terry Fox Day (Manitoba)
LAST-MODIFIED:20251025T210043Z
TRANSP:TRANSPARENT
END:VEVENT
BEGIN:VEVENT
SUMMARY:New Brunswick Day (Nouveau-Brunswick)
DTSTART;VALUE=DATE:20270802
DTEND;VALUE=DATE:20270803
DTSTAMP:20251025T210043Z
UID:0bd762ee5e0b6512d51fc7c3e5bf53b5224581d0
CATEGORIES:Holidays
CLASS:public
DESCRIPTION:New Brunswick Day (Nouveau-Brunswick)
LAST-MODIFIED:20251025T210043Z
TRANSP:TRANSPARENT
END:VEVENT
BEGIN:VEVENT
SUMMARY:Canada Day\; Memorial Day (Terre-Neuve-et-Labrador)
DTSTART;VALUE=DATE:20270701
DTEND;VALUE=DATE:20270702
DTSTAMP:20251025T210043Z
UID:d5091990b9c78e70b07c6b1f96c83fa84119ac36
CATEGORIES:Holidays
CLASS:public
DESCRIPTION:Canada Day\; Memorial Day (Terre-Neuve-et-Labrador)
LAST-MODIFIED:20251025T210043Z
TRANSP:TRANSPARENT
END:VEVENT
BEGIN:VEVENT
SUMMARY:Saint Patrick's Day (Terre-Neuve-et-Labrador)
DTSTART;VALUE=DATE:20270315
DTEND;VALUE=DATE:20270316
DTSTAMP:20251025T210043Z
UID:116e8a9c5142331b2d1e420fbacda9c61a49b345
CATEGORIES:Holidays
CLASS:public
DESCRIPTION:Saint Patrick's Day (Terre-Neuve-et-Labrador)
LAST-MODIFIED:20251025T210043Z
TRANSP:TRANSPARENT
END:VEVENT
BEGIN:VEVENT
SUMMARY:Saint George's Day (Terre-Neuve-et-Labrador)
DTSTART;VALUE=DATE:20270426
DTEND;VALUE=DATE:20270427
DTSTAMP:20251025T210043Z
UID:5b74ffe8b9f6758813f84e90d68a0cdc48aa8265
CATEGORIES:Holidays
CLASS:public
DESCRIPTION:Saint George's Day (Terre-Neuve-et-Labrador)
LAST-MODIFIED:20251025T210043Z
TRANSP:TRANSPARENT
END:VEVENT
BEGIN:VEVENT
SUMMARY:Discovery Day (Terre-Neuve-et-Labrador)
DTSTART;VALUE=DATE:20270621
DTEND;VALUE=DATE:20270622
DTSTAMP:20251025T210043Z
UID:dc848dde49e3113794dca03f1c71262c43c5f523
CATEGORIES:Holidays
CLASS:public
DESCRIPTION:Discovery Day (Terre-Neuve-et-Labrador)
LAST-MODIFIED:20251025T210043Z
TRANSP:TRANSPARENT
END:VEVENT
BEGIN:VEVENT
SUMMARY:Orangemen's Day (Terre-Neuve-et-Labrador)
DTSTART;VALUE=DATE:20270712
DTEND;VALUE=DATE:20270713
DTSTAMP:20251025T210043Z
UID:27d1a79fa5c51a694ffe3f34b21424a9afbcda86
CATEGORIES:Holidays
CLASS:public
DESCRIPTION:Orangemen's Day (Terre-Neuve-et-Labrador)
LAST-MODIFIED:20251025T210043Z
TRANSP:TRANSPARENT
END:VEVENT
BEGIN:VEVENT
SUMMARY:Heritage Day (Nouvelle-Écosse)
DTSTART;VALUE=DATE:20270215
DTEND;VALUE=DATE:20270216
DTSTAMP:20251025T210043Z
UID:af0c06622854891cafbb1f397008b832150af775
CATEGORIES:Holidays
CLASS:public
DESCRIPTION:Heritage Day (Nouvelle-Écosse)
LAST-MODIFIED:20251025T210043Z
TRANSP:TRANSPARENT
END:VEVENT
BEGIN:VEVENT
SUMMARY:Natal Day (Nouvelle-Écosse)
DTSTART;VALUE=DATE:20270802
DTEND;VALUE=DATE:20270803
DTSTAMP:20251025T210043Z
UID:069431d140efa9bfe7cc70104f130054c2f4e528
CATEGORIES:Holidays
CLASS:public
DESCRIPTION:Natal Day (Nouvelle-Écosse)
LAST-MODIFIED:20251025T210043Z
TRANSP:TRANSPARENT
END:VEVENT
BEGIN:VEVENT
SUMMARY:National Aboriginal Day (NT\, YT)
DTSTART;VALUE=DATE:20270621
DTEND;VALUE=DATE:20270622
DTSTAMP:20251025T210043Z
UID:96f49aef84a942f474bce653a25599716ba881eb
CATEGORIES:Holidays
CLASS:public
DESCRIPTION:National Aboriginal Day (NT\, YT)
LAST-MODIFIED:20251025T210043Z
TRANSP:TRANSPARENT
END:VEVENT
BEGIN:VEVENT
SUMMARY:Civic Holiday (NT\, NU\, ON)
DTSTART;VALUE=DATE:20270802
DTEND;VALUE=DATE:20270803
DTSTAMP:20251025T210043Z
UID:add0fea88a4d6c765021820bcc433bc16a0d7129
CATEGORIES:Holidays
CLASS:public
DESCRIPTION:Civic Holiday (NT\, NU\, ON)
LAST-MODIFIED:20251025T210043Z
TRANSP:TRANSPARENT
END:VEVENT
BEGIN:VEVENT
SUMMARY:Nunavut Day (Nunavut)
DTSTART;VALUE=DATE:20270709
DTEND;VALUE=DATE:20270710
DTSTAMP:20251025T210043Z
UID:35b7db4f5e0a9ae412e36a5073c98d4c137a6c65
CATEGORIES:Holidays
CLASS:public
DESCRIPTION:Nunavut Day (Nunavut)
LAST-MODIFIED:20251025T210043Z
TRANSP:TRANSPARENT
END:VEVENT
BEGIN:VEVENT
SUMMARY:Islander Day (Île-du-Prince-Édouard)
DTSTART;VALUE=DATE:20270215
DTEND;VALUE=DATE:20270216
DTSTAMP:20251025T210043Z
UID:a46bab1fa346c9ba8696b41c87928fce9feab7c5
CATEGORIES:Holidays
CLASS:public
DESCRIPTION:Islander Day (Île-du-Prince-Édouard)
LAST-MODIFIED:20251025T210043Z
TRANSP:TRANSPARENT
END:VEVENT
BEGIN:VEVENT
SUMMARY:National Patriots' Day\; Victoria Day (Québec)
DTSTART;VALUE=DATE:20270524
DTEND;VALUE=DATE:20270525
DTSTAMP:20251025T210043Z
UID:bf790199279a2a1ef30d0469b0d1c3b63c2049c6
CATEGORIES:Holidays
CLASS:public
DESCRIPTION:National Patriots' Day\; Victoria Day (Québec)
LAST-MODIFIED:20251025T210043Z
TRANSP:TRANSPARENT
END:VEVENT
BEGIN:VEVENT
SUMMARY:Saint Jean Baptiste Day (Québec)
DTSTART;VALUE=DATE:20270624
DTEND;VALUE=DATE:20270625
DTSTAMP:20251025T210043Z
UID:4eba2fc06c1312a2e4c6d853c4c8eb1e53c95185
CATEGORIES:Holidays
CLASS:public
DESCRIPTION:Saint Jean Baptiste Day (Québec)
LAST-MODIFIED:20251025T210043Z
TRANSP:TRANSPARENT
END:VEVENT
BEGIN:VEVENT
SUMMARY:Saskatchewan Day (Saskatchewan)
DTSTART;VALUE=DATE:20270802
DTEND;VALUE=DATE:20270803
DTSTAMP:20251025T210043Z
UID:9486394bcee12e808d4542b3d89f45c8f66cfd0a
CATEGORIES:Holidays
CLASS:public
DESCRIPTION:Saskatchewan Day (Saskatchewan)
LAST-MODIFIED:20251025T210043Z
TRANSP:TRANSPARENT
END:VEVENT
BEGIN:VEVENT
SUMMARY:Discovery Day (Yukon)
DTSTART;VALUE=DATE:20270816
DTEND;VALUE=DATE:20270817
DTSTAMP:20251025T210043Z
UID:0f89c2107b81fdf0b803fea10029dd4e8b8e8893
CATEGORIES:Holidays
CLASS:public
DESCRIPTION:Discovery Day (Yukon)
LAST-MODIFIED:20251025T210043Z
TRANSP:TRANSPARENT
END:VEVENT
BEGIN:VEVENT
SUMMARY:Heritage Day (Yukon)
DTSTART;VALUE=DATE:20270226
DTEND;VALUE=DATE:20270227
DTSTAMP:20251025T210043Z
UID:5505b3cedf70df6b34a1b265df803706ad25a63a
CATEGORIES:Holidays
CLASS:public
DESCRIPTION:Heritage Day (Yukon)
LAST-MODIFIED:20251025T210043Z
TRANSP:TRANSPARENT
END:VEVENT
END:VCALENDAR
