BEGIN:VCALENDAR
VERSION:2.0
PRODID:-//Mozilla.org/NONSGML Mozilla Calendar V1.1//EN
BEGIN:VEVENT
SUMMARY:Ano Novo
DTSTART;VALUE=DATE:20250101
DTEND;VALUE=DATE:20250102
DTSTAMP:20251025T210044Z
UID:51cb6b4f75e50fd58018bd39805d77decce6b519
CATEGORIES:Holidays
CLASS:public
DESCRIPTION:Ano Novo
LAST-MODIFIED:20251025T210044Z
TRANSP:OPAQUE
END:VEVENT
BEGIN:VEVENT
SUMMARY:Sexta-feira Santa
DTSTART;VALUE=DATE:20250418
DTEND;VALUE=DATE:20250419
DTSTAMP:20251025T210044Z
UID:b161eeb6aaf3ca6657c9fe28874d994381f8c967
CATEGORIES:Holidays
CLASS:public
DESCRIPTION:Sexta-feira Santa
LAST-MODIFIED:20251025T210044Z
TRANSP:OPAQUE
END:VEVENT
BEGIN:VEVENT
SUMMARY:Páscoa
DTSTART;VALUE=DATE:20250420
DTEND;VALUE=DATE:20250421
DTSTAMP:20251025T210044Z
UID:a98c084933e26784d9f182403bcf38b18b5a5032
CATEGORIES:Holidays
CLASS:public
DESCRIPTION:Páscoa
LAST-MODIFIED:20251025T210044Z
TRANSP:OPAQUE
END:VEVENT
BEGIN:VEVENT
SUMMARY:Corpo de Deus
DTSTART;VALUE=DATE:20250619
DTEND;VALUE=DATE:20250620
DTSTAMP:20251025T210044Z
UID:890903ec9ee551ffcb60c072b73f74c4597de95e
CATEGORIES:Holidays
CLASS:public
DESCRIPTION:Corpo de Deus
LAST-MODIFIED:20251025T210044Z
TRANSP:OPAQUE
END:VEVENT
BEGIN:VEVENT
SUMMARY:Implantação da República
DTSTART;VALUE=DATE:20251005
DTEND;VALUE=DATE:20251006
DTSTAMP:20251025T210044Z
UID:7b5831a4c5a98b5c58c8154e44fc40b2fcb1ad78
CATEGORIES:Holidays
CLASS:public
DESCRIPTION:Implantação da República
LAST-MODIFIED:20251025T210044Z
TRANSP:OPAQUE
END:VEVENT
BEGIN:VEVENT
SUMMARY:Dia de Todos os Santos
DTSTART;VALUE=DATE:20251101
DTEND;VALUE=DATE:20251102
DTSTAMP:20251025T210044Z
UID:4fc58185e4432c2dd197da6b789dcabb1190a143
CATEGORIES:Holidays
CLASS:public
DESCRIPTION:Dia de Todos os Santos
LAST-MODIFIED:20251025T210044Z
TRANSP:OPAQUE
END:VEVENT
BEGIN:VEVENT
SUMMARY:Restauração da Independência
DTSTART;VALUE=DATE:20251201
DTEND;VALUE=DATE:20251202
DTSTAMP:20251025T210044Z
UID:7b82daeda06812d585a030d4a7cd9464a4f3bbbf
CATEGORIES:Holidays
CLASS:public
DESCRIPTION:Restauração da Independência
LAST-MODIFIED:20251025T210044Z
TRANSP:OPAQUE
END:VEVENT
BEGIN:VEVENT
SUMMARY:Dia da Liberdade
DTSTART;VALUE=DATE:20250425
DTEND;VALUE=DATE:20250426
DTSTAMP:20251025T210044Z
UID:82bd59ba13e26aef2ab7cb47441b414cc40ced72
CATEGORIES:Holidays
CLASS:public
DESCRIPTION:Dia da Liberdade
LAST-MODIFIED:20251025T210044Z
TRANSP:OPAQUE
END:VEVENT
BEGIN:VEVENT
SUMMARY:Dia do Trabalhador
DTSTART;VALUE=DATE:20250501
DTEND;VALUE=DATE:20250502
DTSTAMP:20251025T210044Z
UID:2e0e97b6f9bcd1716bb078ba98c9c95fec405d55
CATEGORIES:Holidays
CLASS:public
DESCRIPTION:Dia do Trabalhador
LAST-MODIFIED:20251025T210044Z
TRANSP:OPAQUE
END:VEVENT
BEGIN:VEVENT
SUMMARY:Dia de Portugal\, de Camões e das Comunidades Portuguesas
DTSTART;VALUE=DATE:20250610
DTEND;VALUE=DATE:20250611
DTSTAMP:20251025T210044Z
UID:3582928f0fadf6304144deaa3942150e005bfbee
CATEGORIES:Holidays
CLASS:public
DESCRIPTION:Dia de Portugal\, de Camões e das Comunidades Portuguesas
LAST-MODIFIED:20251025T210044Z
TRANSP:OPAQUE
END:VEVENT
BEGIN:VEVENT
SUMMARY:Assunção de Nossa Senhora
DTSTART;VALUE=DATE:20250815
DTEND;VALUE=DATE:20250816
DTSTAMP:20251025T210044Z
UID:3217a1b108eeaad0f26aba9b09cf9d93e8b250c4
CATEGORIES:Holidays
CLASS:public
DESCRIPTION:Assunção de Nossa Senhora
LAST-MODIFIED:20251025T210044Z
TRANSP:OPAQUE
END:VEVENT
BEGIN:VEVENT
SUMMARY:Imaculada Conceição
DTSTART;VALUE=DATE:20251208
DTEND;VALUE=DATE:20251209
DTSTAMP:20251025T210044Z
UID:af01fe9985db84d1f17f01f83da97a58b7b215f8
CATEGORIES:Holidays
CLASS:public
DESCRIPTION:Imaculada Conceição
LAST-MODIFIED:20251025T210044Z
TRANSP:OPAQUE
END:VEVENT
BEGIN:VEVENT
SUMMARY:Dia de Natal
DTSTART;VALUE=DATE:20251225
DTEND;VALUE=DATE:20251226
DTSTAMP:20251025T210044Z
UID:e86b257031a812d67a9d76bc8063f7f70b80eb0f
CATEGORIES:Holidays
CLASS:public
DESCRIPTION:Dia de Natal
LAST-MODIFIED:20251025T210044Z
TRANSP:OPAQUE
END:VEVENT
BEGIN:VEVENT
SUMMARY:Carnaval
DTSTART;VALUE=DATE:20250304
DTEND;VALUE=DATE:20250305
DTSTAMP:20251025T210044Z
UID:26df93ae4cc50a62f3761bcf5005bc34a92677b8
CATEGORIES:Holidays
CLASS:public
DESCRIPTION:Carnaval
LAST-MODIFIED:20251025T210044Z
TRANSP:OPAQUE
END:VEVENT
BEGIN:VEVENT
SUMMARY:Dia de Santo António
DTSTART;VALUE=DATE:20250613
DTEND;VALUE=DATE:20250614
DTSTAMP:20251025T210044Z
UID:1a0db221a68e0926099a9716c8f27cbf2661c512
CATEGORIES:Holidays
CLASS:public
DESCRIPTION:Dia de Santo António
LAST-MODIFIED:20251025T210044Z
TRANSP:OPAQUE
END:VEVENT
BEGIN:VEVENT
SUMMARY:Véspera de Natal
DTSTART;VALUE=DATE:20251224
DTEND;VALUE=DATE:20251225
DTSTAMP:20251025T210044Z
UID:04296dbd5ce744178ea1d8ca74f523efb38bfcd2
CATEGORIES:Holidays
CLASS:public
DESCRIPTION:Véspera de Natal
LAST-MODIFIED:20251025T210044Z
TRANSP:OPAQUE
END:VEVENT
BEGIN:VEVENT
SUMMARY:Véspera de Ano Novo
DTSTART;VALUE=DATE:20251231
DTEND;VALUE=DATE:20260101
DTSTAMP:20251025T210044Z
UID:971692a310791e28d8f30816448a2d646ab2a76c
CATEGORIES:Holidays
CLASS:public
DESCRIPTION:Véspera de Ano Novo
LAST-MODIFIED:20251025T210044Z
TRANSP:OPAQUE
END:VEVENT
BEGIN:VEVENT
SUMMARY:26 de Dezembro (All except Região Autónoma da Madeira)
DTSTART;VALUE=DATE:20251226
DTEND;VALUE=DATE:20251227
DTSTAMP:20251025T210044Z
UID:7c14cdeee58d0f881e4a6941a372dd7d22e6f968
CATEGORIES:Holidays
CLASS:public
DESCRIPTION:26 de Dezembro (All except Região Autónoma da Madeira)
LAST-MODIFIED:20251025T210044Z
TRANSP:TRANSPARENT
END:VEVENT
BEGIN:VEVENT
SUMMARY:Dia de Santa Joana (Aveiro)
DTSTART;VALUE=DATE:20250512
DTEND;VALUE=DATE:20250513
DTSTAMP:20251025T210044Z
UID:4d89439f77ecf5a3b37e6545e678adc8655822b6
CATEGORIES:Holidays
CLASS:public
DESCRIPTION:Dia de Santa Joana (Aveiro)
LAST-MODIFIED:20251025T210044Z
TRANSP:TRANSPARENT
END:VEVENT
BEGIN:VEVENT
SUMMARY:Quinta-feira da Ascensão (Beja)
DTSTART;VALUE=DATE:20250529
DTEND;VALUE=DATE:20250530
DTSTAMP:20251025T210044Z
UID:3629745843a440ef35395c144c741b3bac75ef3f
CATEGORIES:Holidays
CLASS:public
DESCRIPTION:Quinta-feira da Ascensão (Beja)
LAST-MODIFIED:20251025T210044Z
TRANSP:TRANSPARENT
END:VEVENT
BEGIN:VEVENT
SUMMARY:Dia de São João (03\, 13)
DTSTART;VALUE=DATE:20250624
DTEND;VALUE=DATE:20250625
DTSTAMP:20251025T210044Z
UID:280fe09b48eb333b5a5a898628f362855888affa
CATEGORIES:Holidays
CLASS:public
DESCRIPTION:Dia de São João (03\, 13)
LAST-MODIFIED:20251025T210044Z
TRANSP:TRANSPARENT
END:VEVENT
BEGIN:VEVENT
SUMMARY:Dia de Nossa Senhora das Graças (Bragança)
DTSTART;VALUE=DATE:20250822
DTEND;VALUE=DATE:20250823
DTSTAMP:20251025T210044Z
UID:39cc42907f43d9ccf7301b28b9d9cbc9f171d6bf
CATEGORIES:Holidays
CLASS:public
DESCRIPTION:Dia de Nossa Senhora das Graças (Bragança)
LAST-MODIFIED:20251025T210044Z
TRANSP:TRANSPARENT
END:VEVENT
BEGIN:VEVENT
SUMMARY:Dia de Nossa Senhora de Mércoles (Castelo Branco)
DTSTART;VALUE=DATE:20250506
DTEND;VALUE=DATE:20250507
DTSTAMP:20251025T210044Z
UID:8a0a85a851067c0f6fef1c034dd92d3004d15de5
CATEGORIES:Holidays
CLASS:public
DESCRIPTION:Dia de Nossa Senhora de Mércoles (Castelo Branco)
LAST-MODIFIED:20251025T210044Z
TRANSP:TRANSPARENT
END:VEVENT
BEGIN:VEVENT
SUMMARY:Dia de Santa Isabel (Coimbra)
DTSTART;VALUE=DATE:20250704
DTEND;VALUE=DATE:20250705
DTSTAMP:20251025T210044Z
UID:267f595c9087644c5718899b37c555861760069b
CATEGORIES:Holidays
CLASS:public
DESCRIPTION:Dia de Santa Isabel (Coimbra)
LAST-MODIFIED:20251025T210044Z
TRANSP:TRANSPARENT
END:VEVENT
BEGIN:VEVENT
SUMMARY:Dia de São Pedro (Évora)
DTSTART;VALUE=DATE:20250629
DTEND;VALUE=DATE:20250630
DTSTAMP:20251025T210044Z
UID:ab525edffcf9cdd222a433820e64bb866bc2b8c0
CATEGORIES:Holidays
CLASS:public
DESCRIPTION:Dia de São Pedro (Évora)
LAST-MODIFIED:20251025T210044Z
TRANSP:TRANSPARENT
END:VEVENT
BEGIN:VEVENT
SUMMARY:Dia do Município de Faro (Faro)
DTSTART;VALUE=DATE:20250907
DTEND;VALUE=DATE:20250908
DTSTAMP:20251025T210044Z
UID:fe686e300b2a8f92f9d17067d120eb22b5a26181
CATEGORIES:Holidays
CLASS:public
DESCRIPTION:Dia do Município de Faro (Faro)
LAST-MODIFIED:20251025T210044Z
TRANSP:TRANSPARENT
END:VEVENT
BEGIN:VEVENT
SUMMARY:Dia do Município da Guarda (Guarda)
DTSTART;VALUE=DATE:20251127
DTEND;VALUE=DATE:20251128
DTSTAMP:20251025T210044Z
UID:be00189dc6ae2a9aee24b14595b38717f0e446d2
CATEGORIES:Holidays
CLASS:public
DESCRIPTION:Dia do Município da Guarda (Guarda)
LAST-MODIFIED:20251025T210044Z
TRANSP:TRANSPARENT
END:VEVENT
BEGIN:VEVENT
SUMMARY:Dia do Município de Leiria (Leiria)
DTSTART;VALUE=DATE:20250522
DTEND;VALUE=DATE:20250523
DTSTAMP:20251025T210044Z
UID:385b9eaff6067f648ddd9e6621c51869ee84daa3
CATEGORIES:Holidays
CLASS:public
DESCRIPTION:Dia do Município de Leiria (Leiria)
LAST-MODIFIED:20251025T210044Z
TRANSP:TRANSPARENT
END:VEVENT
BEGIN:VEVENT
SUMMARY:Dia do Município de Portalegre (Portalegre)
DTSTART;VALUE=DATE:20250523
DTEND;VALUE=DATE:20250524
DTSTAMP:20251025T210044Z
UID:c32cf9ed0db3b23597f718a47b1ecf714132bccc
CATEGORIES:Holidays
CLASS:public
DESCRIPTION:Dia do Município de Portalegre (Portalegre)
LAST-MODIFIED:20251025T210044Z
TRANSP:TRANSPARENT
END:VEVENT
BEGIN:VEVENT
SUMMARY:Dia de São José (Santarém)
DTSTART;VALUE=DATE:20250319
DTEND;VALUE=DATE:20250320
DTSTAMP:20251025T210044Z
UID:2dad8e06f2fc78ac5aaf8a603649a50955f7e08c
CATEGORIES:Holidays
CLASS:public
DESCRIPTION:Dia de São José (Santarém)
LAST-MODIFIED:20251025T210044Z
TRANSP:TRANSPARENT
END:VEVENT
BEGIN:VEVENT
SUMMARY:Dia de Bocage (Setúbal)
DTSTART;VALUE=DATE:20250915
DTEND;VALUE=DATE:20250916
DTSTAMP:20251025T210044Z
UID:8e7d0264b93ef108200f27c06df47cd2fb8cdf85
CATEGORIES:Holidays
CLASS:public
DESCRIPTION:Dia de Bocage (Setúbal)
LAST-MODIFIED:20251025T210044Z
TRANSP:TRANSPARENT
END:VEVENT
BEGIN:VEVENT
SUMMARY:Dia de Nossa Senhora da Agonia (Viana do Castelo)
DTSTART;VALUE=DATE:20250820
DTEND;VALUE=DATE:20250821
DTSTAMP:20251025T210044Z
UID:4ebf4f182c6e117972de0dbef7c5c5f47115c8e7
CATEGORIES:Holidays
CLASS:public
DESCRIPTION:Dia de Nossa Senhora da Agonia (Viana do Castelo)
LAST-MODIFIED:20251025T210044Z
TRANSP:TRANSPARENT
END:VEVENT
BEGIN:VEVENT
SUMMARY:Dia de São Mateus (Viseu)
DTSTART;VALUE=DATE:20250921
DTEND;VALUE=DATE:20250922
DTSTAMP:20251025T210044Z
UID:72ac0c3a44952c3e780e05798204d4244475157f
CATEGORIES:Holidays
CLASS:public
DESCRIPTION:Dia de São Mateus (Viseu)
LAST-MODIFIED:20251025T210044Z
TRANSP:TRANSPARENT
END:VEVENT
BEGIN:VEVENT
SUMMARY:Dia da Região Autónoma dos Açores (Região Autónoma dos Açore
 s)
DTSTART;VALUE=DATE:20250609
DTEND;VALUE=DATE:20250610
DTSTAMP:20251025T210044Z
UID:5613b5ecbd72f181786cb5b450a562f2ecbd2c02
CATEGORIES:Holidays
CLASS:public
DESCRIPTION:Dia da Região Autónoma dos Açores (Região Autónoma dos A
 çores)
LAST-MODIFIED:20251025T210044Z
TRANSP:TRANSPARENT
END:VEVENT
BEGIN:VEVENT
SUMMARY:26 de Dezembro\; Primeira Oitava (Região Autónoma da Madeira)
DTSTART;VALUE=DATE:20251226
DTEND;VALUE=DATE:20251227
DTSTAMP:20251025T210044Z
UID:fcdd424bff6f0d36f68d3cfd662aaeeb12ded11a
CATEGORIES:Holidays
CLASS:public
DESCRIPTION:26 de Dezembro\; Primeira Oitava (Região Autónoma da Madeira
 )
LAST-MODIFIED:20251025T210044Z
TRANSP:TRANSPARENT
END:VEVENT
BEGIN:VEVENT
SUMMARY:Dia da Região Autónoma da Madeira e das Comunidades Madeirenses 
 (Região Autónoma da Madeira)
DTSTART;VALUE=DATE:20250701
DTEND;VALUE=DATE:20250702
DTSTAMP:20251025T210044Z
UID:73c0b14916366af2837c3e7afb25aac596ff496d
CATEGORIES:Holidays
CLASS:public
DESCRIPTION:Dia da Região Autónoma da Madeira e das Comunidades Madeiren
 ses (Região Autónoma da Madeira)
LAST-MODIFIED:20251025T210044Z
TRANSP:TRANSPARENT
END:VEVENT
BEGIN:VEVENT
SUMMARY:Ano Novo
DTSTART;VALUE=DATE:20260101
DTEND;VALUE=DATE:20260102
DTSTAMP:20251025T210044Z
UID:6032a0a66b5b5baaae66cba04e60ee09bc3c3f03
CATEGORIES:Holidays
CLASS:public
DESCRIPTION:Ano Novo
LAST-MODIFIED:20251025T210044Z
TRANSP:OPAQUE
END:VEVENT
BEGIN:VEVENT
SUMMARY:Sexta-feira Santa
DTSTART;VALUE=DATE:20260403
DTEND;VALUE=DATE:20260404
DTSTAMP:20251025T210044Z
UID:2f9b0e2f262b68e9571050a4bed040a3e2b585ef
CATEGORIES:Holidays
CLASS:public
DESCRIPTION:Sexta-feira Santa
LAST-MODIFIED:20251025T210044Z
TRANSP:OPAQUE
END:VEVENT
BEGIN:VEVENT
SUMMARY:Páscoa
DTSTART;VALUE=DATE:20260405
DTEND;VALUE=DATE:20260406
DTSTAMP:20251025T210044Z
UID:95236af3c8b90c0fbe130dd992fab9a54b5a5697
CATEGORIES:Holidays
CLASS:public
DESCRIPTION:Páscoa
LAST-MODIFIED:20251025T210044Z
TRANSP:OPAQUE
END:VEVENT
BEGIN:VEVENT
SUMMARY:Corpo de Deus
DTSTART;VALUE=DATE:20260604
DTEND;VALUE=DATE:20260605
DTSTAMP:20251025T210044Z
UID:5989cb6e4413760a7761fd6e5762e98be707aee2
CATEGORIES:Holidays
CLASS:public
DESCRIPTION:Corpo de Deus
LAST-MODIFIED:20251025T210044Z
TRANSP:OPAQUE
END:VEVENT
BEGIN:VEVENT
SUMMARY:Implantação da República
DTSTART;VALUE=DATE:20261005
DTEND;VALUE=DATE:20261006
DTSTAMP:20251025T210044Z
UID:bfc7fd30013f16f7f2ce2424fa9b64c360b11a6a
CATEGORIES:Holidays
CLASS:public
DESCRIPTION:Implantação da República
LAST-MODIFIED:20251025T210044Z
TRANSP:OPAQUE
END:VEVENT
BEGIN:VEVENT
SUMMARY:Dia de Todos os Santos
DTSTART;VALUE=DATE:20261101
DTEND;VALUE=DATE:20261102
DTSTAMP:20251025T210044Z
UID:e84622b28adbfcf81877519bbba59d8ef69bd008
CATEGORIES:Holidays
CLASS:public
DESCRIPTION:Dia de Todos os Santos
LAST-MODIFIED:20251025T210044Z
TRANSP:OPAQUE
END:VEVENT
BEGIN:VEVENT
SUMMARY:Restauração da Independência
DTSTART;VALUE=DATE:20261201
DTEND;VALUE=DATE:20261202
DTSTAMP:20251025T210044Z
UID:3743c818539e1f8db550fbb703fd0e0a47d2474f
CATEGORIES:Holidays
CLASS:public
DESCRIPTION:Restauração da Independência
LAST-MODIFIED:20251025T210044Z
TRANSP:OPAQUE
END:VEVENT
BEGIN:VEVENT
SUMMARY:Dia da Liberdade
DTSTART;VALUE=DATE:20260425
DTEND;VALUE=DATE:20260426
DTSTAMP:20251025T210044Z
UID:043d54fa8f32818f280effa6f6c9afba7c9bdc07
CATEGORIES:Holidays
CLASS:public
DESCRIPTION:Dia da Liberdade
LAST-MODIFIED:20251025T210044Z
TRANSP:OPAQUE
END:VEVENT
BEGIN:VEVENT
SUMMARY:Dia do Trabalhador
DTSTART;VALUE=DATE:20260501
DTEND;VALUE=DATE:20260502
DTSTAMP:20251025T210044Z
UID:87f293bdfb5ca695675c3b4ac0a4a4831a98fa26
CATEGORIES:Holidays
CLASS:public
DESCRIPTION:Dia do Trabalhador
LAST-MODIFIED:20251025T210044Z
TRANSP:OPAQUE
END:VEVENT
BEGIN:VEVENT
SUMMARY:Dia de Portugal\, de Camões e das Comunidades Portuguesas
DTSTART;VALUE=DATE:20260610
DTEND;VALUE=DATE:20260611
DTSTAMP:20251025T210044Z
UID:bc4c24ae88dadab08765740412e632ce1cf6ca89
CATEGORIES:Holidays
CLASS:public
DESCRIPTION:Dia de Portugal\, de Camões e das Comunidades Portuguesas
LAST-MODIFIED:20251025T210044Z
TRANSP:OPAQUE
END:VEVENT
BEGIN:VEVENT
SUMMARY:Assunção de Nossa Senhora
DTSTART;VALUE=DATE:20260815
DTEND;VALUE=DATE:20260816
DTSTAMP:20251025T210044Z
UID:3cc1147ace24aea572b3a07ea036b26c31b9fed0
CATEGORIES:Holidays
CLASS:public
DESCRIPTION:Assunção de Nossa Senhora
LAST-MODIFIED:20251025T210044Z
TRANSP:OPAQUE
END:VEVENT
BEGIN:VEVENT
SUMMARY:Imaculada Conceição
DTSTART;VALUE=DATE:20261208
DTEND;VALUE=DATE:20261209
DTSTAMP:20251025T210044Z
UID:6730affa4117a356856c56943d72eadbd920c784
CATEGORIES:Holidays
CLASS:public
DESCRIPTION:Imaculada Conceição
LAST-MODIFIED:20251025T210044Z
TRANSP:OPAQUE
END:VEVENT
BEGIN:VEVENT
SUMMARY:Dia de Natal
DTSTART;VALUE=DATE:20261225
DTEND;VALUE=DATE:20261226
DTSTAMP:20251025T210044Z
UID:0bf202e148351bee1334616fed22fe547730eb45
CATEGORIES:Holidays
CLASS:public
DESCRIPTION:Dia de Natal
LAST-MODIFIED:20251025T210044Z
TRANSP:OPAQUE
END:VEVENT
BEGIN:VEVENT
SUMMARY:Carnaval
DTSTART;VALUE=DATE:20260217
DTEND;VALUE=DATE:20260218
DTSTAMP:20251025T210044Z
UID:45a5e1c88a032d7afe7e3f24336192c7e67611c6
CATEGORIES:Holidays
CLASS:public
DESCRIPTION:Carnaval
LAST-MODIFIED:20251025T210044Z
TRANSP:OPAQUE
END:VEVENT
BEGIN:VEVENT
SUMMARY:Dia de Santo António
DTSTART;VALUE=DATE:20260613
DTEND;VALUE=DATE:20260614
DTSTAMP:20251025T210044Z
UID:bba59f023a3291ebb38a39c112f31d7312c4f65c
CATEGORIES:Holidays
CLASS:public
DESCRIPTION:Dia de Santo António
LAST-MODIFIED:20251025T210044Z
TRANSP:OPAQUE
END:VEVENT
BEGIN:VEVENT
SUMMARY:Véspera de Natal
DTSTART;VALUE=DATE:20261224
DTEND;VALUE=DATE:20261225
DTSTAMP:20251025T210044Z
UID:02528d39e81f9cb45b6931883c974c203da2ffd6
CATEGORIES:Holidays
CLASS:public
DESCRIPTION:Véspera de Natal
LAST-MODIFIED:20251025T210044Z
TRANSP:OPAQUE
END:VEVENT
BEGIN:VEVENT
SUMMARY:Véspera de Ano Novo
DTSTART;VALUE=DATE:20261231
DTEND;VALUE=DATE:20270101
DTSTAMP:20251025T210044Z
UID:b6b847a788d37660a4c6089c24ea8472f926feca
CATEGORIES:Holidays
CLASS:public
DESCRIPTION:Véspera de Ano Novo
LAST-MODIFIED:20251025T210044Z
TRANSP:OPAQUE
END:VEVENT
BEGIN:VEVENT
SUMMARY:26 de Dezembro (All except Região Autónoma da Madeira)
DTSTART;VALUE=DATE:20261226
DTEND;VALUE=DATE:20261227
DTSTAMP:20251025T210044Z
UID:e63131fa4495f7ae36e203cec28d06b973ceb2c9
CATEGORIES:Holidays
CLASS:public
DESCRIPTION:26 de Dezembro (All except Região Autónoma da Madeira)
LAST-MODIFIED:20251025T210044Z
TRANSP:TRANSPARENT
END:VEVENT
BEGIN:VEVENT
SUMMARY:Dia de Santa Joana (Aveiro)
DTSTART;VALUE=DATE:20260512
DTEND;VALUE=DATE:20260513
DTSTAMP:20251025T210044Z
UID:5d63e7c5ed48db443cbba2d6a43f184e7686b331
CATEGORIES:Holidays
CLASS:public
DESCRIPTION:Dia de Santa Joana (Aveiro)
LAST-MODIFIED:20251025T210044Z
TRANSP:TRANSPARENT
END:VEVENT
BEGIN:VEVENT
SUMMARY:Quinta-feira da Ascensão (Beja)
DTSTART;VALUE=DATE:20260514
DTEND;VALUE=DATE:20260515
DTSTAMP:20251025T210044Z
UID:b13c60d018a5c6339b8cdf547c5e283dfecf3bef
CATEGORIES:Holidays
CLASS:public
DESCRIPTION:Quinta-feira da Ascensão (Beja)
LAST-MODIFIED:20251025T210044Z
TRANSP:TRANSPARENT
END:VEVENT
BEGIN:VEVENT
SUMMARY:Dia de São João (03\, 13)
DTSTART;VALUE=DATE:20260624
DTEND;VALUE=DATE:20260625
DTSTAMP:20251025T210044Z
UID:2b4a8215762295342f80013fda74efc559ac3979
CATEGORIES:Holidays
CLASS:public
DESCRIPTION:Dia de São João (03\, 13)
LAST-MODIFIED:20251025T210044Z
TRANSP:TRANSPARENT
END:VEVENT
BEGIN:VEVENT
SUMMARY:Dia de Nossa Senhora das Graças (Bragança)
DTSTART;VALUE=DATE:20260822
DTEND;VALUE=DATE:20260823
DTSTAMP:20251025T210044Z
UID:59fb83d50534fba4e39a4db24d6233e8fece9c76
CATEGORIES:Holidays
CLASS:public
DESCRIPTION:Dia de Nossa Senhora das Graças (Bragança)
LAST-MODIFIED:20251025T210044Z
TRANSP:TRANSPARENT
END:VEVENT
BEGIN:VEVENT
SUMMARY:Dia de Nossa Senhora de Mércoles (Castelo Branco)
DTSTART;VALUE=DATE:20260421
DTEND;VALUE=DATE:20260422
DTSTAMP:20251025T210044Z
UID:f8c2cf00f1731a88a2c2d4573984211faeeb59f6
CATEGORIES:Holidays
CLASS:public
DESCRIPTION:Dia de Nossa Senhora de Mércoles (Castelo Branco)
LAST-MODIFIED:20251025T210044Z
TRANSP:TRANSPARENT
END:VEVENT
BEGIN:VEVENT
SUMMARY:Dia de Santa Isabel (Coimbra)
DTSTART;VALUE=DATE:20260704
DTEND;VALUE=DATE:20260705
DTSTAMP:20251025T210044Z
UID:b56630b134683194150c91ebedcf26c011e47284
CATEGORIES:Holidays
CLASS:public
DESCRIPTION:Dia de Santa Isabel (Coimbra)
LAST-MODIFIED:20251025T210044Z
TRANSP:TRANSPARENT
END:VEVENT
BEGIN:VEVENT
SUMMARY:Dia de São Pedro (Évora)
DTSTART;VALUE=DATE:20260629
DTEND;VALUE=DATE:20260630
DTSTAMP:20251025T210044Z
UID:d9cc417fd0ac4d1153f2070335c23fd8563c2a4e
CATEGORIES:Holidays
CLASS:public
DESCRIPTION:Dia de São Pedro (Évora)
LAST-MODIFIED:20251025T210044Z
TRANSP:TRANSPARENT
END:VEVENT
BEGIN:VEVENT
SUMMARY:Dia do Município de Faro (Faro)
DTSTART;VALUE=DATE:20260907
DTEND;VALUE=DATE:20260908
DTSTAMP:20251025T210044Z
UID:93c1517d735c4947b67e34e4b4b95e0ff35bbde9
CATEGORIES:Holidays
CLASS:public
DESCRIPTION:Dia do Município de Faro (Faro)
LAST-MODIFIED:20251025T210044Z
TRANSP:TRANSPARENT
END:VEVENT
BEGIN:VEVENT
SUMMARY:Dia do Município da Guarda (Guarda)
DTSTART;VALUE=DATE:20261127
DTEND;VALUE=DATE:20261128
DTSTAMP:20251025T210044Z
UID:7d249466391782df314d4702b7c8fd19a955457b
CATEGORIES:Holidays
CLASS:public
DESCRIPTION:Dia do Município da Guarda (Guarda)
LAST-MODIFIED:20251025T210044Z
TRANSP:TRANSPARENT
END:VEVENT
BEGIN:VEVENT
SUMMARY:Dia do Município de Leiria (Leiria)
DTSTART;VALUE=DATE:20260522
DTEND;VALUE=DATE:20260523
DTSTAMP:20251025T210044Z
UID:848f6d82d97cbf2c0b486373ee4c21209c82501f
CATEGORIES:Holidays
CLASS:public
DESCRIPTION:Dia do Município de Leiria (Leiria)
LAST-MODIFIED:20251025T210044Z
TRANSP:TRANSPARENT
END:VEVENT
BEGIN:VEVENT
SUMMARY:Dia do Município de Portalegre (Portalegre)
DTSTART;VALUE=DATE:20260523
DTEND;VALUE=DATE:20260524
DTSTAMP:20251025T210044Z
UID:bc9ae33b34854ec8e9dee378799aefd04559582c
CATEGORIES:Holidays
CLASS:public
DESCRIPTION:Dia do Município de Portalegre (Portalegre)
LAST-MODIFIED:20251025T210044Z
TRANSP:TRANSPARENT
END:VEVENT
BEGIN:VEVENT
SUMMARY:Dia de São José (Santarém)
DTSTART;VALUE=DATE:20260319
DTEND;VALUE=DATE:20260320
DTSTAMP:20251025T210044Z
UID:3e0c5fd81c809fc9d987958ff30d45b92bab1011
CATEGORIES:Holidays
CLASS:public
DESCRIPTION:Dia de São José (Santarém)
LAST-MODIFIED:20251025T210044Z
TRANSP:TRANSPARENT
END:VEVENT
BEGIN:VEVENT
SUMMARY:Dia de Bocage (Setúbal)
DTSTART;VALUE=DATE:20260915
DTEND;VALUE=DATE:20260916
DTSTAMP:20251025T210044Z
UID:1a61444b798e88939482ce608932543e1e4e7439
CATEGORIES:Holidays
CLASS:public
DESCRIPTION:Dia de Bocage (Setúbal)
LAST-MODIFIED:20251025T210044Z
TRANSP:TRANSPARENT
END:VEVENT
BEGIN:VEVENT
SUMMARY:Dia de Nossa Senhora da Agonia (Viana do Castelo)
DTSTART;VALUE=DATE:20260820
DTEND;VALUE=DATE:20260821
DTSTAMP:20251025T210044Z
UID:ca4996450481a3abf559db44e7f23cad0a479d86
CATEGORIES:Holidays
CLASS:public
DESCRIPTION:Dia de Nossa Senhora da Agonia (Viana do Castelo)
LAST-MODIFIED:20251025T210044Z
TRANSP:TRANSPARENT
END:VEVENT
BEGIN:VEVENT
SUMMARY:Dia de São Mateus (Viseu)
DTSTART;VALUE=DATE:20260921
DTEND;VALUE=DATE:20260922
DTSTAMP:20251025T210044Z
UID:99c70bf1c6d4e7a398d10ad5ef48dccc98feedbe
CATEGORIES:Holidays
CLASS:public
DESCRIPTION:Dia de São Mateus (Viseu)
LAST-MODIFIED:20251025T210044Z
TRANSP:TRANSPARENT
END:VEVENT
BEGIN:VEVENT
SUMMARY:Dia da Região Autónoma dos Açores (Região Autónoma dos Açore
 s)
DTSTART;VALUE=DATE:20260525
DTEND;VALUE=DATE:20260526
DTSTAMP:20251025T210044Z
UID:37abeaa979d3b71210a355f38e615a38495c971f
CATEGORIES:Holidays
CLASS:public
DESCRIPTION:Dia da Região Autónoma dos Açores (Região Autónoma dos A
 çores)
LAST-MODIFIED:20251025T210044Z
TRANSP:TRANSPARENT
END:VEVENT
BEGIN:VEVENT
SUMMARY:26 de Dezembro\; Primeira Oitava (Região Autónoma da Madeira)
DTSTART;VALUE=DATE:20261226
DTEND;VALUE=DATE:20261227
DTSTAMP:20251025T210044Z
UID:66910e403614a09f2a0daf633a3853ee35d55feb
CATEGORIES:Holidays
CLASS:public
DESCRIPTION:26 de Dezembro\; Primeira Oitava (Região Autónoma da Madeira
 )
LAST-MODIFIED:20251025T210044Z
TRANSP:TRANSPARENT
END:VEVENT
BEGIN:VEVENT
SUMMARY:Dia da Região Autónoma da Madeira e das Comunidades Madeirenses 
 (Região Autónoma da Madeira)
DTSTART;VALUE=DATE:20260701
DTEND;VALUE=DATE:20260702
DTSTAMP:20251025T210044Z
UID:bb3fcb2169bb0ddc67b2006da85d28f51b282250
CATEGORIES:Holidays
CLASS:public
DESCRIPTION:Dia da Região Autónoma da Madeira e das Comunidades Madeiren
 ses (Região Autónoma da Madeira)
LAST-MODIFIED:20251025T210044Z
TRANSP:TRANSPARENT
END:VEVENT
BEGIN:VEVENT
SUMMARY:Ano Novo
DTSTART;VALUE=DATE:20270101
DTEND;VALUE=DATE:20270102
DTSTAMP:20251025T210044Z
UID:9d2474e90aa89e282b44cecb95bf3110ae912ba8
CATEGORIES:Holidays
CLASS:public
DESCRIPTION:Ano Novo
LAST-MODIFIED:20251025T210044Z
TRANSP:OPAQUE
END:VEVENT
BEGIN:VEVENT
SUMMARY:Sexta-feira Santa
DTSTART;VALUE=DATE:20270326
DTEND;VALUE=DATE:20270327
DTSTAMP:20251025T210044Z
UID:1353fce1e58028c35439af2c935c798bf0d34b6b
CATEGORIES:Holidays
CLASS:public
DESCRIPTION:Sexta-feira Santa
LAST-MODIFIED:20251025T210044Z
TRANSP:OPAQUE
END:VEVENT
BEGIN:VEVENT
SUMMARY:Páscoa
DTSTART;VALUE=DATE:20270328
DTEND;VALUE=DATE:20270329
DTSTAMP:20251025T210044Z
UID:56c89a478302ca933e1beae76731bffad88fefcc
CATEGORIES:Holidays
CLASS:public
DESCRIPTION:Páscoa
LAST-MODIFIED:20251025T210044Z
TRANSP:OPAQUE
END:VEVENT
BEGIN:VEVENT
SUMMARY:Corpo de Deus
DTSTART;VALUE=DATE:20270527
DTEND;VALUE=DATE:20270528
DTSTAMP:20251025T210044Z
UID:9c9b69f26ae31bfbebdd4904b9e828cf7ecd8429
CATEGORIES:Holidays
CLASS:public
DESCRIPTION:Corpo de Deus
LAST-MODIFIED:20251025T210044Z
TRANSP:OPAQUE
END:VEVENT
BEGIN:VEVENT
SUMMARY:Implantação da República
DTSTART;VALUE=DATE:20271005
DTEND;VALUE=DATE:20271006
DTSTAMP:20251025T210044Z
UID:57d071efcf2cb977eb9bd0504bed917987a20546
CATEGORIES:Holidays
CLASS:public
DESCRIPTION:Implantação da República
LAST-MODIFIED:20251025T210044Z
TRANSP:OPAQUE
END:VEVENT
BEGIN:VEVENT
SUMMARY:Dia de Todos os Santos
DTSTART;VALUE=DATE:20271101
DTEND;VALUE=DATE:20271102
DTSTAMP:20251025T210044Z
UID:9939e231151abc69b240806abf07a6e30e251427
CATEGORIES:Holidays
CLASS:public
DESCRIPTION:Dia de Todos os Santos
LAST-MODIFIED:20251025T210044Z
TRANSP:OPAQUE
END:VEVENT
BEGIN:VEVENT
SUMMARY:Restauração da Independência
DTSTART;VALUE=DATE:20271201
DTEND;VALUE=DATE:20271202
DTSTAMP:20251025T210044Z
UID:db6f27a8432f4319cda900ac21fcf8dd3da8f6a7
CATEGORIES:Holidays
CLASS:public
DESCRIPTION:Restauração da Independência
LAST-MODIFIED:20251025T210044Z
TRANSP:OPAQUE
END:VEVENT
BEGIN:VEVENT
SUMMARY:Dia da Liberdade
DTSTART;VALUE=DATE:20270425
DTEND;VALUE=DATE:20270426
DTSTAMP:20251025T210044Z
UID:eda1c376235b1e4d1e7f91b75142e1e989aa45fb
CATEGORIES:Holidays
CLASS:public
DESCRIPTION:Dia da Liberdade
LAST-MODIFIED:20251025T210044Z
TRANSP:OPAQUE
END:VEVENT
BEGIN:VEVENT
SUMMARY:Dia do Trabalhador
DTSTART;VALUE=DATE:20270501
DTEND;VALUE=DATE:20270502
DTSTAMP:20251025T210044Z
UID:c8eaba291d203de27fd64953b74025e4a4d5b5f5
CATEGORIES:Holidays
CLASS:public
DESCRIPTION:Dia do Trabalhador
LAST-MODIFIED:20251025T210044Z
TRANSP:OPAQUE
END:VEVENT
BEGIN:VEVENT
SUMMARY:Dia de Portugal\, de Camões e das Comunidades Portuguesas
DTSTART;VALUE=DATE:20270610
DTEND;VALUE=DATE:20270611
DTSTAMP:20251025T210044Z
UID:04280fc7374e9a800c73a7a2160d0b48f8461b84
CATEGORIES:Holidays
CLASS:public
DESCRIPTION:Dia de Portugal\, de Camões e das Comunidades Portuguesas
LAST-MODIFIED:20251025T210044Z
TRANSP:OPAQUE
END:VEVENT
BEGIN:VEVENT
SUMMARY:Assunção de Nossa Senhora
DTSTART;VALUE=DATE:20270815
DTEND;VALUE=DATE:20270816
DTSTAMP:20251025T210044Z
UID:48a1b76f8039bdb513386795f6d15016cbe62a48
CATEGORIES:Holidays
CLASS:public
DESCRIPTION:Assunção de Nossa Senhora
LAST-MODIFIED:20251025T210044Z
TRANSP:OPAQUE
END:VEVENT
BEGIN:VEVENT
SUMMARY:Imaculada Conceição
DTSTART;VALUE=DATE:20271208
DTEND;VALUE=DATE:20271209
DTSTAMP:20251025T210044Z
UID:16805289ed5f2d175d5bf8aa53dbb5cf96ee7430
CATEGORIES:Holidays
CLASS:public
DESCRIPTION:Imaculada Conceição
LAST-MODIFIED:20251025T210044Z
TRANSP:OPAQUE
END:VEVENT
BEGIN:VEVENT
SUMMARY:Dia de Natal
DTSTART;VALUE=DATE:20271225
DTEND;VALUE=DATE:20271226
DTSTAMP:20251025T210044Z
UID:5924840d2db3832bba3a36e2673bdbaf42e41cdc
CATEGORIES:Holidays
CLASS:public
DESCRIPTION:Dia de Natal
LAST-MODIFIED:20251025T210044Z
TRANSP:OPAQUE
END:VEVENT
BEGIN:VEVENT
SUMMARY:Carnaval
DTSTART;VALUE=DATE:20270209
DTEND;VALUE=DATE:20270210
DTSTAMP:20251025T210044Z
UID:ff192de0e5305723a3b30fef76653e2fc329e6f1
CATEGORIES:Holidays
CLASS:public
DESCRIPTION:Carnaval
LAST-MODIFIED:20251025T210044Z
TRANSP:OPAQUE
END:VEVENT
BEGIN:VEVENT
SUMMARY:Dia de Santo António
DTSTART;VALUE=DATE:20270613
DTEND;VALUE=DATE:20270614
DTSTAMP:20251025T210044Z
UID:7d7d90647651c90a2244187d89088b9ff67676f7
CATEGORIES:Holidays
CLASS:public
DESCRIPTION:Dia de Santo António
LAST-MODIFIED:20251025T210044Z
TRANSP:OPAQUE
END:VEVENT
BEGIN:VEVENT
SUMMARY:Véspera de Natal
DTSTART;VALUE=DATE:20271224
DTEND;VALUE=DATE:20271225
DTSTAMP:20251025T210044Z
UID:f6b7077edb7cf6dc7f0e8f3016ff210e8cb6f881
CATEGORIES:Holidays
CLASS:public
DESCRIPTION:Véspera de Natal
LAST-MODIFIED:20251025T210044Z
TRANSP:OPAQUE
END:VEVENT
BEGIN:VEVENT
SUMMARY:Véspera de Ano Novo
DTSTART;VALUE=DATE:20271231
DTEND;VALUE=DATE:20280101
DTSTAMP:20251025T210044Z
UID:f07b937db38d653a2c79ab93b614fbc4f91b00fb
CATEGORIES:Holidays
CLASS:public
DESCRIPTION:Véspera de Ano Novo
LAST-MODIFIED:20251025T210044Z
TRANSP:OPAQUE
END:VEVENT
BEGIN:VEVENT
SUMMARY:26 de Dezembro (All except Região Autónoma da Madeira)
DTSTART;VALUE=DATE:20271226
DTEND;VALUE=DATE:20271227
DTSTAMP:20251025T210044Z
UID:4e3ec99f4984f972aceaa403c0b3f045ebab5a22
CATEGORIES:Holidays
CLASS:public
DESCRIPTION:26 de Dezembro (All except Região Autónoma da Madeira)
LAST-MODIFIED:20251025T210044Z
TRANSP:TRANSPARENT
END:VEVENT
BEGIN:VEVENT
SUMMARY:Dia de Santa Joana (Aveiro)
DTSTART;VALUE=DATE:20270512
DTEND;VALUE=DATE:20270513
DTSTAMP:20251025T210044Z
UID:4d955debe840a340520a7cc2e20eefa454b35065
CATEGORIES:Holidays
CLASS:public
DESCRIPTION:Dia de Santa Joana (Aveiro)
LAST-MODIFIED:20251025T210044Z
TRANSP:TRANSPARENT
END:VEVENT
BEGIN:VEVENT
SUMMARY:Quinta-feira da Ascensão (Beja)
DTSTART;VALUE=DATE:20270506
DTEND;VALUE=DATE:20270507
DTSTAMP:20251025T210044Z
UID:edade67a22f97852caf24042eda5e72dda52c83e
CATEGORIES:Holidays
CLASS:public
DESCRIPTION:Quinta-feira da Ascensão (Beja)
LAST-MODIFIED:20251025T210044Z
TRANSP:TRANSPARENT
END:VEVENT
BEGIN:VEVENT
SUMMARY:Dia de São João (03\, 13)
DTSTART;VALUE=DATE:20270624
DTEND;VALUE=DATE:20270625
DTSTAMP:20251025T210044Z
UID:6b30581f1fee70b7db5b5a2a3f398e1431c7cd09
CATEGORIES:Holidays
CLASS:public
DESCRIPTION:Dia de São João (03\, 13)
LAST-MODIFIED:20251025T210044Z
TRANSP:TRANSPARENT
END:VEVENT
BEGIN:VEVENT
SUMMARY:Dia de Nossa Senhora das Graças (Bragança)
DTSTART;VALUE=DATE:20270822
DTEND;VALUE=DATE:20270823
DTSTAMP:20251025T210044Z
UID:be32b2aac64e801d305e5f6fc790b62b9220b2da
CATEGORIES:Holidays
CLASS:public
DESCRIPTION:Dia de Nossa Senhora das Graças (Bragança)
LAST-MODIFIED:20251025T210044Z
TRANSP:TRANSPARENT
END:VEVENT
BEGIN:VEVENT
SUMMARY:Dia de Nossa Senhora de Mércoles (Castelo Branco)
DTSTART;VALUE=DATE:20270413
DTEND;VALUE=DATE:20270414
DTSTAMP:20251025T210044Z
UID:ccb9957a8ad9936db96f7fbca200e10ef7c99e5a
CATEGORIES:Holidays
CLASS:public
DESCRIPTION:Dia de Nossa Senhora de Mércoles (Castelo Branco)
LAST-MODIFIED:20251025T210044Z
TRANSP:TRANSPARENT
END:VEVENT
BEGIN:VEVENT
SUMMARY:Dia de Santa Isabel (Coimbra)
DTSTART;VALUE=DATE:20270704
DTEND;VALUE=DATE:20270705
DTSTAMP:20251025T210044Z
UID:8002602248be36dda11a4af3b9b4d0ed8749a87f
CATEGORIES:Holidays
CLASS:public
DESCRIPTION:Dia de Santa Isabel (Coimbra)
LAST-MODIFIED:20251025T210044Z
TRANSP:TRANSPARENT
END:VEVENT
BEGIN:VEVENT
SUMMARY:Dia de São Pedro (Évora)
DTSTART;VALUE=DATE:20270629
DTEND;VALUE=DATE:20270630
DTSTAMP:20251025T210044Z
UID:18f711584d12b533996f50d00168b56a253560c6
CATEGORIES:Holidays
CLASS:public
DESCRIPTION:Dia de São Pedro (Évora)
LAST-MODIFIED:20251025T210044Z
TRANSP:TRANSPARENT
END:VEVENT
BEGIN:VEVENT
SUMMARY:Dia do Município de Faro (Faro)
DTSTART;VALUE=DATE:20270907
DTEND;VALUE=DATE:20270908
DTSTAMP:20251025T210044Z
UID:da2b7b20e241df047fafef16177833d2c32cd04d
CATEGORIES:Holidays
CLASS:public
DESCRIPTION:Dia do Município de Faro (Faro)
LAST-MODIFIED:20251025T210044Z
TRANSP:TRANSPARENT
END:VEVENT
BEGIN:VEVENT
SUMMARY:Dia do Município da Guarda (Guarda)
DTSTART;VALUE=DATE:20271127
DTEND;VALUE=DATE:20271128
DTSTAMP:20251025T210044Z
UID:8f7f6202f8984d2857923b797644d50f8ab49e3e
CATEGORIES:Holidays
CLASS:public
DESCRIPTION:Dia do Município da Guarda (Guarda)
LAST-MODIFIED:20251025T210044Z
TRANSP:TRANSPARENT
END:VEVENT
BEGIN:VEVENT
SUMMARY:Dia do Município de Leiria (Leiria)
DTSTART;VALUE=DATE:20270522
DTEND;VALUE=DATE:20270523
DTSTAMP:20251025T210044Z
UID:5e0571e065879cc5dbecccb80ec0b051aef4b20d
CATEGORIES:Holidays
CLASS:public
DESCRIPTION:Dia do Município de Leiria (Leiria)
LAST-MODIFIED:20251025T210044Z
TRANSP:TRANSPARENT
END:VEVENT
BEGIN:VEVENT
SUMMARY:Dia do Município de Portalegre (Portalegre)
DTSTART;VALUE=DATE:20270523
DTEND;VALUE=DATE:20270524
DTSTAMP:20251025T210044Z
UID:27da3755eace29c4e51e5f5ba91998698a7e5ec6
CATEGORIES:Holidays
CLASS:public
DESCRIPTION:Dia do Município de Portalegre (Portalegre)
LAST-MODIFIED:20251025T210044Z
TRANSP:TRANSPARENT
END:VEVENT
BEGIN:VEVENT
SUMMARY:Dia de São José (Santarém)
DTSTART;VALUE=DATE:20270319
DTEND;VALUE=DATE:20270320
DTSTAMP:20251025T210044Z
UID:b4f4a62b4b59bc94e2ff8527f87cc9a2b4141607
CATEGORIES:Holidays
CLASS:public
DESCRIPTION:Dia de São José (Santarém)
LAST-MODIFIED:20251025T210044Z
TRANSP:TRANSPARENT
END:VEVENT
BEGIN:VEVENT
SUMMARY:Dia de Bocage (Setúbal)
DTSTART;VALUE=DATE:20270915
DTEND;VALUE=DATE:20270916
DTSTAMP:20251025T210044Z
UID:b5716e0c06db999acc62da00913914e0b48b05c8
CATEGORIES:Holidays
CLASS:public
DESCRIPTION:Dia de Bocage (Setúbal)
LAST-MODIFIED:20251025T210044Z
TRANSP:TRANSPARENT
END:VEVENT
BEGIN:VEVENT
SUMMARY:Dia de Nossa Senhora da Agonia (Viana do Castelo)
DTSTART;VALUE=DATE:20270820
DTEND;VALUE=DATE:20270821
DTSTAMP:20251025T210044Z
UID:fb3eec7d9cdedf176283c79563af4e41e1d540d1
CATEGORIES:Holidays
CLASS:public
DESCRIPTION:Dia de Nossa Senhora da Agonia (Viana do Castelo)
LAST-MODIFIED:20251025T210044Z
TRANSP:TRANSPARENT
END:VEVENT
BEGIN:VEVENT
SUMMARY:Dia de São Mateus (Viseu)
DTSTART;VALUE=DATE:20270921
DTEND;VALUE=DATE:20270922
DTSTAMP:20251025T210044Z
UID:5eab0cab5756af9d2293d075b01fe66866ce15bb
CATEGORIES:Holidays
CLASS:public
DESCRIPTION:Dia de São Mateus (Viseu)
LAST-MODIFIED:20251025T210044Z
TRANSP:TRANSPARENT
END:VEVENT
BEGIN:VEVENT
SUMMARY:Dia da Região Autónoma dos Açores (Região Autónoma dos Açore
 s)
DTSTART;VALUE=DATE:20270517
DTEND;VALUE=DATE:20270518
DTSTAMP:20251025T210044Z
UID:ba97a03bc8f3482fe3b61fab2179ac7b20cb4cb3
CATEGORIES:Holidays
CLASS:public
DESCRIPTION:Dia da Região Autónoma dos Açores (Região Autónoma dos A
 çores)
LAST-MODIFIED:20251025T210044Z
TRANSP:TRANSPARENT
END:VEVENT
BEGIN:VEVENT
SUMMARY:26 de Dezembro\; Primeira Oitava (Região Autónoma da Madeira)
DTSTART;VALUE=DATE:20271226
DTEND;VALUE=DATE:20271227
DTSTAMP:20251025T210044Z
UID:81cf78a070b1bf9ba4967380b09b991f56a005c9
CATEGORIES:Holidays
CLASS:public
DESCRIPTION:26 de Dezembro\; Primeira Oitava (Região Autónoma da Madeira
 )
LAST-MODIFIED:20251025T210044Z
TRANSP:TRANSPARENT
END:VEVENT
BEGIN:VEVENT
SUMMARY:Dia da Região Autónoma da Madeira e das Comunidades Madeirenses 
 (Região Autónoma da Madeira)
DTSTART;VALUE=DATE:20270701
DTEND;VALUE=DATE:20270702
DTSTAMP:20251025T210044Z
UID:306d05827e5165a3836b296b9b334ce988d61494
CATEGORIES:Holidays
CLASS:public
DESCRIPTION:Dia da Região Autónoma da Madeira e das Comunidades Madeiren
 ses (Região Autónoma da Madeira)
LAST-MODIFIED:20251025T210044Z
TRANSP:TRANSPARENT
END:VEVENT
END:VCALENDAR
