BEGIN:VCALENDAR
VERSION:2.0
PRODID:-//Mozilla.org/NONSGML Mozilla Calendar V1.1//EN
BEGIN:VEVENT
SUMMARY:Año Nuevo
DTSTART;VALUE=DATE:20250101
DTEND;VALUE=DATE:20250102
DTSTAMP:20251025T210044Z
UID:52e4c9a5abc2c824ba6ad85c2bc65886f186cbe2
CATEGORIES:Holidays
CLASS:public
DESCRIPTION:Año Nuevo
LAST-MODIFIED:20251025T210044Z
TRANSP:OPAQUE
END:VEVENT
BEGIN:VEVENT
SUMMARY:Epifanía del Señor
DTSTART;VALUE=DATE:20250106
DTEND;VALUE=DATE:20250107
DTSTAMP:20251025T210044Z
UID:4f2c4f05979b5107217aa37e1a21a14e3bbccf42
CATEGORIES:Holidays
CLASS:public
DESCRIPTION:Epifanía del Señor
LAST-MODIFIED:20251025T210044Z
TRANSP:OPAQUE
END:VEVENT
BEGIN:VEVENT
SUMMARY:Viernes Santo
DTSTART;VALUE=DATE:20250418
DTEND;VALUE=DATE:20250419
DTSTAMP:20251025T210044Z
UID:21e3fcfea593ba88b38012de4fcf5c26a9ba945d
CATEGORIES:Holidays
CLASS:public
DESCRIPTION:Viernes Santo
LAST-MODIFIED:20251025T210044Z
TRANSP:OPAQUE
END:VEVENT
BEGIN:VEVENT
SUMMARY:Fiesta del Trabajo
DTSTART;VALUE=DATE:20250501
DTEND;VALUE=DATE:20250502
DTSTAMP:20251025T210044Z
UID:d0b72afa99ff42e725a78ab24c6d8f92a86de456
CATEGORIES:Holidays
CLASS:public
DESCRIPTION:Fiesta del Trabajo
LAST-MODIFIED:20251025T210044Z
TRANSP:OPAQUE
END:VEVENT
BEGIN:VEVENT
SUMMARY:Asunción de la Virgen
DTSTART;VALUE=DATE:20250815
DTEND;VALUE=DATE:20250816
DTSTAMP:20251025T210044Z
UID:0b44f5e5bc9fbb5526ced04e5155a1fb359068c3
CATEGORIES:Holidays
CLASS:public
DESCRIPTION:Asunción de la Virgen
LAST-MODIFIED:20251025T210044Z
TRANSP:OPAQUE
END:VEVENT
BEGIN:VEVENT
SUMMARY:Todos los Santos
DTSTART;VALUE=DATE:20251101
DTEND;VALUE=DATE:20251102
DTSTAMP:20251025T210044Z
UID:e870eef60711e237194e349329b6546481e42970
CATEGORIES:Holidays
CLASS:public
DESCRIPTION:Todos los Santos
LAST-MODIFIED:20251025T210044Z
TRANSP:OPAQUE
END:VEVENT
BEGIN:VEVENT
SUMMARY:Día de la Constitución Española
DTSTART;VALUE=DATE:20251206
DTEND;VALUE=DATE:20251207
DTSTAMP:20251025T210044Z
UID:f443eccbe3f3df94ddd4250785af96768d8c804d
CATEGORIES:Holidays
CLASS:public
DESCRIPTION:Día de la Constitución Española
LAST-MODIFIED:20251025T210044Z
TRANSP:OPAQUE
END:VEVENT
BEGIN:VEVENT
SUMMARY:Inmaculada Concepción
DTSTART;VALUE=DATE:20251208
DTEND;VALUE=DATE:20251209
DTSTAMP:20251025T210044Z
UID:128249eba29626c8a68b41e2813c68bdbd36a100
CATEGORIES:Holidays
CLASS:public
DESCRIPTION:Inmaculada Concepción
LAST-MODIFIED:20251025T210044Z
TRANSP:OPAQUE
END:VEVENT
BEGIN:VEVENT
SUMMARY:Natividad del Señor
DTSTART;VALUE=DATE:20251225
DTEND;VALUE=DATE:20251226
DTSTAMP:20251025T210044Z
UID:0f59b7bccc8ac8d015433b34a99c231b5e1be797
CATEGORIES:Holidays
CLASS:public
DESCRIPTION:Natividad del Señor
LAST-MODIFIED:20251025T210044Z
TRANSP:OPAQUE
END:VEVENT
BEGIN:VEVENT
SUMMARY:Día de Andalucía (Andalucía)
DTSTART;VALUE=DATE:20250228
DTEND;VALUE=DATE:20250301
DTSTAMP:20251025T210044Z
UID:33555a60a82123ab7bf9c8432888fc87d1b43829
CATEGORIES:Holidays
CLASS:public
DESCRIPTION:Día de Andalucía (Andalucía)
LAST-MODIFIED:20251025T210044Z
TRANSP:TRANSPARENT
END:VEVENT
BEGIN:VEVENT
SUMMARY:Jueves Santo (All except CT\, VC)
DTSTART;VALUE=DATE:20250417
DTEND;VALUE=DATE:20250418
DTSTAMP:20251025T210044Z
UID:0887350099a589e6cef36b58d97e6a7af3ba8db2
CATEGORIES:Holidays
CLASS:public
DESCRIPTION:Jueves Santo (All except CT\, VC)
LAST-MODIFIED:20251025T210044Z
TRANSP:TRANSPARENT
END:VEVENT
BEGIN:VEVENT
SUMMARY:Lunes siguiente a Fiesta Nacional de España (AN\, AR\, AS\, CL\, 
 EX)
DTSTART;VALUE=DATE:20251013
DTEND;VALUE=DATE:20251014
DTSTAMP:20251025T210044Z
UID:39e8bb32c03003644be457708cdce0af4b194557
CATEGORIES:Holidays
CLASS:public
DESCRIPTION:Lunes siguiente a Fiesta Nacional de España (AN\, AR\, AS\, C
 L\, EX)
LAST-MODIFIED:20251025T210044Z
TRANSP:TRANSPARENT
END:VEVENT
BEGIN:VEVENT
SUMMARY:Día de San Jorge (Aragón)
DTSTART;VALUE=DATE:20250423
DTEND;VALUE=DATE:20250424
DTSTAMP:20251025T210044Z
UID:e4b46c8d6950a9bb2c40ad64b9fbf4127fe59a73
CATEGORIES:Holidays
CLASS:public
DESCRIPTION:Día de San Jorge (Aragón)
LAST-MODIFIED:20251025T210044Z
TRANSP:TRANSPARENT
END:VEVENT
BEGIN:VEVENT
SUMMARY:Día de Asturias (Asturias)
DTSTART;VALUE=DATE:20250908
DTEND;VALUE=DATE:20250909
DTSTAMP:20251025T210044Z
UID:477f1876613c3ad0a678ea8eb569aef11c0e1201
CATEGORIES:Holidays
CLASS:public
DESCRIPTION:Día de Asturias (Asturias)
LAST-MODIFIED:20251025T210044Z
TRANSP:TRANSPARENT
END:VEVENT
BEGIN:VEVENT
SUMMARY:Día de las Instituciones de Cantabria (Cantabria)
DTSTART;VALUE=DATE:20250728
DTEND;VALUE=DATE:20250729
DTSTAMP:20251025T210044Z
UID:2a883c91e1fd3b767518d38b7db2a3cda03a8908
CATEGORIES:Holidays
CLASS:public
DESCRIPTION:Día de las Instituciones de Cantabria (Cantabria)
LAST-MODIFIED:20251025T210044Z
TRANSP:TRANSPARENT
END:VEVENT
BEGIN:VEVENT
SUMMARY:La Bien Aparecida (Cantabria)
DTSTART;VALUE=DATE:20250915
DTEND;VALUE=DATE:20250916
DTSTAMP:20251025T210044Z
UID:f15672ecf49fe568430d0038966a27468361518a
CATEGORIES:Holidays
CLASS:public
DESCRIPTION:La Bien Aparecida (Cantabria)
LAST-MODIFIED:20251025T210044Z
TRANSP:TRANSPARENT
END:VEVENT
BEGIN:VEVENT
SUMMARY:Nuestra Señora de África (Ceuta)
DTSTART;VALUE=DATE:20250805
DTEND;VALUE=DATE:20250806
DTSTAMP:20251025T210044Z
UID:f1874b45385ae2959cb87f7df41c98955816b7b6
CATEGORIES:Holidays
CLASS:public
DESCRIPTION:Nuestra Señora de África (Ceuta)
LAST-MODIFIED:20251025T210044Z
TRANSP:TRANSPARENT
END:VEVENT
BEGIN:VEVENT
SUMMARY:Fiesta del Sacrificio-Eidul Adha (Ceuta)
DTSTART;VALUE=DATE:20250606
DTEND;VALUE=DATE:20250607
DTSTAMP:20251025T210044Z
UID:65bcc4e7f0d6771fcfeb76df2ad940f72989906c
CATEGORIES:Holidays
CLASS:public
DESCRIPTION:Fiesta del Sacrificio-Eidul Adha (Ceuta)
LAST-MODIFIED:20251025T210044Z
TRANSP:TRANSPARENT
END:VEVENT
BEGIN:VEVENT
SUMMARY:Fiesta de Castilla y León (Castilla y León)
DTSTART;VALUE=DATE:20250423
DTEND;VALUE=DATE:20250424
DTSTAMP:20251025T210044Z
UID:15ba6d7f5f8f2658c1a33de6e377c87d96c2c887
CATEGORIES:Holidays
CLASS:public
DESCRIPTION:Fiesta de Castilla y León (Castilla y León)
LAST-MODIFIED:20251025T210044Z
TRANSP:TRANSPARENT
END:VEVENT
BEGIN:VEVENT
SUMMARY:Corpus Christi (Castilla-La Mancha)
DTSTART;VALUE=DATE:20250619
DTEND;VALUE=DATE:20250620
DTSTAMP:20251025T210044Z
UID:fde7fd8b37571fe0b83e407c0e01f0774029d346
CATEGORIES:Holidays
CLASS:public
DESCRIPTION:Corpus Christi (Castilla-La Mancha)
LAST-MODIFIED:20251025T210044Z
TRANSP:TRANSPARENT
END:VEVENT
BEGIN:VEVENT
SUMMARY:Día de Castilla-La Mancha (Castilla-La Mancha)
DTSTART;VALUE=DATE:20250531
DTEND;VALUE=DATE:20250601
DTSTAMP:20251025T210044Z
UID:34f5a589325f07ee6cb14adad8f5a345de9fe9ef
CATEGORIES:Holidays
CLASS:public
DESCRIPTION:Día de Castilla-La Mancha (Castilla-La Mancha)
LAST-MODIFIED:20251025T210044Z
TRANSP:TRANSPARENT
END:VEVENT
BEGIN:VEVENT
SUMMARY:Día de Canarias (Canarias)
DTSTART;VALUE=DATE:20250530
DTEND;VALUE=DATE:20250531
DTSTAMP:20251025T210044Z
UID:4192d11f686b27a96e2a593cfd81e893cc691f78
CATEGORIES:Holidays
CLASS:public
DESCRIPTION:Día de Canarias (Canarias)
LAST-MODIFIED:20251025T210044Z
TRANSP:TRANSPARENT
END:VEVENT
BEGIN:VEVENT
SUMMARY:Lunes de Pascua (CT\, NC\, PV\, RI\, VC)
DTSTART;VALUE=DATE:20250421
DTEND;VALUE=DATE:20250422
DTSTAMP:20251025T210044Z
UID:80729d1a15fa64f636e5187e7fca5b643871e6b5
CATEGORIES:Holidays
CLASS:public
DESCRIPTION:Lunes de Pascua (CT\, NC\, PV\, RI\, VC)
LAST-MODIFIED:20251025T210044Z
TRANSP:TRANSPARENT
END:VEVENT
BEGIN:VEVENT
SUMMARY:San Juan (CT\, VC)
DTSTART;VALUE=DATE:20250624
DTEND;VALUE=DATE:20250625
DTSTAMP:20251025T210044Z
UID:9a6078813e66963eb8f84cc4fb5c3237e62f727b
CATEGORIES:Holidays
CLASS:public
DESCRIPTION:San Juan (CT\, VC)
LAST-MODIFIED:20251025T210044Z
TRANSP:TRANSPARENT
END:VEVENT
BEGIN:VEVENT
SUMMARY:Fiesta Nacional de Cataluña (Catalunya)
DTSTART;VALUE=DATE:20250911
DTEND;VALUE=DATE:20250912
DTSTAMP:20251025T210044Z
UID:4f0c22f5baef90f0f2bbb8bb4cc410ec452088fb
CATEGORIES:Holidays
CLASS:public
DESCRIPTION:Fiesta Nacional de Cataluña (Catalunya)
LAST-MODIFIED:20251025T210044Z
TRANSP:TRANSPARENT
END:VEVENT
BEGIN:VEVENT
SUMMARY:San Esteban (CT\, IB)
DTSTART;VALUE=DATE:20251226
DTEND;VALUE=DATE:20251227
DTSTAMP:20251025T210044Z
UID:be72e4a6869be13d845e2862df58ba6995a1a8da
CATEGORIES:Holidays
CLASS:public
DESCRIPTION:San Esteban (CT\, IB)
LAST-MODIFIED:20251025T210044Z
TRANSP:TRANSPARENT
END:VEVENT
BEGIN:VEVENT
SUMMARY:Día de Extremadura (Extremadura)
DTSTART;VALUE=DATE:20250908
DTEND;VALUE=DATE:20250909
DTSTAMP:20251025T210044Z
UID:3e714cbe299a432ee47f9582dfcd05a8e4c07a4a
CATEGORIES:Holidays
CLASS:public
DESCRIPTION:Día de Extremadura (Extremadura)
LAST-MODIFIED:20251025T210044Z
TRANSP:TRANSPARENT
END:VEVENT
BEGIN:VEVENT
SUMMARY:Día de las Letras Gallegas (Galicia)
DTSTART;VALUE=DATE:20250517
DTEND;VALUE=DATE:20250518
DTSTAMP:20251025T210044Z
UID:ac0d2160449978e7ad5e4b28ba76055b3bd81e08
CATEGORIES:Holidays
CLASS:public
DESCRIPTION:Día de las Letras Gallegas (Galicia)
LAST-MODIFIED:20251025T210044Z
TRANSP:TRANSPARENT
END:VEVENT
BEGIN:VEVENT
SUMMARY:Día Nacional de Galicia (Galicia)
DTSTART;VALUE=DATE:20250725
DTEND;VALUE=DATE:20250726
DTSTAMP:20251025T210044Z
UID:5cba3c34e6098a035c53afb1100b405a3d1b0a09
CATEGORIES:Holidays
CLASS:public
DESCRIPTION:Día Nacional de Galicia (Galicia)
LAST-MODIFIED:20251025T210044Z
TRANSP:TRANSPARENT
END:VEVENT
BEGIN:VEVENT
SUMMARY:Día de las Islas Baleares (Illes Balears)
DTSTART;VALUE=DATE:20250301
DTEND;VALUE=DATE:20250302
DTSTAMP:20251025T210044Z
UID:5c943fb1fc0a5f2bf2bea59cc7518df8e73735fc
CATEGORIES:Holidays
CLASS:public
DESCRIPTION:Día de las Islas Baleares (Illes Balears)
LAST-MODIFIED:20251025T210044Z
TRANSP:TRANSPARENT
END:VEVENT
BEGIN:VEVENT
SUMMARY:San José (MC\, VC)
DTSTART;VALUE=DATE:20250319
DTEND;VALUE=DATE:20250320
DTSTAMP:20251025T210044Z
UID:54f91e7e78fb50a3427f4c2e57b6c9291d7fc846
CATEGORIES:Holidays
CLASS:public
DESCRIPTION:San José (MC\, VC)
LAST-MODIFIED:20251025T210044Z
TRANSP:TRANSPARENT
END:VEVENT
BEGIN:VEVENT
SUMMARY:Día de la Región de Murcia (Murcia)
DTSTART;VALUE=DATE:20250609
DTEND;VALUE=DATE:20250610
DTSTAMP:20251025T210044Z
UID:17b4dd57b8f19bdd7ed708a492c392c897858dfb
CATEGORIES:Holidays
CLASS:public
DESCRIPTION:Día de la Región de Murcia (Murcia)
LAST-MODIFIED:20251025T210044Z
TRANSP:TRANSPARENT
END:VEVENT
BEGIN:VEVENT
SUMMARY:Fiesta de la Comunidad de Madrid (Madrid)
DTSTART;VALUE=DATE:20250502
DTEND;VALUE=DATE:20250503
DTSTAMP:20251025T210044Z
UID:a3069f9fc0e8c1fdc6cd8232b46c9866340f9a23
CATEGORIES:Holidays
CLASS:public
DESCRIPTION:Fiesta de la Comunidad de Madrid (Madrid)
LAST-MODIFIED:20251025T210044Z
TRANSP:TRANSPARENT
END:VEVENT
BEGIN:VEVENT
SUMMARY:Santiago Apóstol (MD\, NC\, PV)
DTSTART;VALUE=DATE:20250725
DTEND;VALUE=DATE:20250726
DTSTAMP:20251025T210044Z
UID:dddc022a59e5ffb2cd4e12bc33ccbc2fb95b0470
CATEGORIES:Holidays
CLASS:public
DESCRIPTION:Santiago Apóstol (MD\, NC\, PV)
LAST-MODIFIED:20251025T210044Z
TRANSP:TRANSPARENT
END:VEVENT
BEGIN:VEVENT
SUMMARY:Fiesta del Eid Fitr (Melilla)
DTSTART;VALUE=DATE:20250331
DTEND;VALUE=DATE:20250401
DTSTAMP:20251025T210044Z
UID:19b2351e1e2277788aa16d9ee4907092a8977252
CATEGORIES:Holidays
CLASS:public
DESCRIPTION:Fiesta del Eid Fitr (Melilla)
LAST-MODIFIED:20251025T210044Z
TRANSP:TRANSPARENT
END:VEVENT
BEGIN:VEVENT
SUMMARY:Fiesta del Sacrificio-Aid Al Adha (Melilla)
DTSTART;VALUE=DATE:20250606
DTEND;VALUE=DATE:20250607
DTSTAMP:20251025T210044Z
UID:4c3e913214cc807443f58ea3f14699e7f22bcd66
CATEGORIES:Holidays
CLASS:public
DESCRIPTION:Fiesta del Sacrificio-Aid Al Adha (Melilla)
LAST-MODIFIED:20251025T210044Z
TRANSP:TRANSPARENT
END:VEVENT
BEGIN:VEVENT
SUMMARY:San Francisco Javier (Navarra)
DTSTART;VALUE=DATE:20251203
DTEND;VALUE=DATE:20251204
DTSTAMP:20251025T210044Z
UID:c75ebb9b532dc0ad416e12042e609fe620515b6a
CATEGORIES:Holidays
CLASS:public
DESCRIPTION:San Francisco Javier (Navarra)
LAST-MODIFIED:20251025T210044Z
TRANSP:TRANSPARENT
END:VEVENT
BEGIN:VEVENT
SUMMARY:Día de La Rioja (La Rioja)
DTSTART;VALUE=DATE:20250609
DTEND;VALUE=DATE:20250610
DTSTAMP:20251025T210044Z
UID:7a6cea9015729a69da0e26639acae44cbbc0f169
CATEGORIES:Holidays
CLASS:public
DESCRIPTION:Día de La Rioja (La Rioja)
LAST-MODIFIED:20251025T210044Z
TRANSP:TRANSPARENT
END:VEVENT
BEGIN:VEVENT
SUMMARY:Día de la Comunidad Valenciana (Valenciana)
DTSTART;VALUE=DATE:20251009
DTEND;VALUE=DATE:20251010
DTSTAMP:20251025T210044Z
UID:b3b8b7c390948dd2468e79e3019377a5d01a0714
CATEGORIES:Holidays
CLASS:public
DESCRIPTION:Día de la Comunidad Valenciana (Valenciana)
LAST-MODIFIED:20251025T210044Z
TRANSP:TRANSPARENT
END:VEVENT
BEGIN:VEVENT
SUMMARY:Año Nuevo
DTSTART;VALUE=DATE:20260101
DTEND;VALUE=DATE:20260102
DTSTAMP:20251025T210044Z
UID:c17c863c33a84975729059d145374da29c290558
CATEGORIES:Holidays
CLASS:public
DESCRIPTION:Año Nuevo
LAST-MODIFIED:20251025T210044Z
TRANSP:OPAQUE
END:VEVENT
BEGIN:VEVENT
SUMMARY:Epifanía del Señor
DTSTART;VALUE=DATE:20260106
DTEND;VALUE=DATE:20260107
DTSTAMP:20251025T210044Z
UID:e76817c53f7a2b7b2c1cd08cb8da70e372798f6a
CATEGORIES:Holidays
CLASS:public
DESCRIPTION:Epifanía del Señor
LAST-MODIFIED:20251025T210044Z
TRANSP:OPAQUE
END:VEVENT
BEGIN:VEVENT
SUMMARY:Viernes Santo
DTSTART;VALUE=DATE:20260403
DTEND;VALUE=DATE:20260404
DTSTAMP:20251025T210044Z
UID:21716f9b181d9f4a7c683a8a3a9dde61c38bec3a
CATEGORIES:Holidays
CLASS:public
DESCRIPTION:Viernes Santo
LAST-MODIFIED:20251025T210044Z
TRANSP:OPAQUE
END:VEVENT
BEGIN:VEVENT
SUMMARY:Fiesta del Trabajo
DTSTART;VALUE=DATE:20260501
DTEND;VALUE=DATE:20260502
DTSTAMP:20251025T210044Z
UID:a2cdfcc0e56ded5076938e74a6694f646f481790
CATEGORIES:Holidays
CLASS:public
DESCRIPTION:Fiesta del Trabajo
LAST-MODIFIED:20251025T210044Z
TRANSP:OPAQUE
END:VEVENT
BEGIN:VEVENT
SUMMARY:Asunción de la Virgen
DTSTART;VALUE=DATE:20260815
DTEND;VALUE=DATE:20260816
DTSTAMP:20251025T210044Z
UID:8c83a5a5a35ddd9a2a727a37342ddeabd0f030c2
CATEGORIES:Holidays
CLASS:public
DESCRIPTION:Asunción de la Virgen
LAST-MODIFIED:20251025T210044Z
TRANSP:OPAQUE
END:VEVENT
BEGIN:VEVENT
SUMMARY:Fiesta Nacional de España
DTSTART;VALUE=DATE:20261012
DTEND;VALUE=DATE:20261013
DTSTAMP:20251025T210044Z
UID:a30e372a2b2c03e9ab7203e761d82a88cd9313a2
CATEGORIES:Holidays
CLASS:public
DESCRIPTION:Fiesta Nacional de España
LAST-MODIFIED:20251025T210044Z
TRANSP:OPAQUE
END:VEVENT
BEGIN:VEVENT
SUMMARY:Todos los Santos
DTSTART;VALUE=DATE:20261101
DTEND;VALUE=DATE:20261102
DTSTAMP:20251025T210044Z
UID:97a7fed2ef45ad24c587e2ae76e5e2079f0b33e7
CATEGORIES:Holidays
CLASS:public
DESCRIPTION:Todos los Santos
LAST-MODIFIED:20251025T210044Z
TRANSP:OPAQUE
END:VEVENT
BEGIN:VEVENT
SUMMARY:Día de la Constitución Española
DTSTART;VALUE=DATE:20261206
DTEND;VALUE=DATE:20261207
DTSTAMP:20251025T210044Z
UID:e2f3dc6bc63bfa8ffbdb3a369b422c296afabd56
CATEGORIES:Holidays
CLASS:public
DESCRIPTION:Día de la Constitución Española
LAST-MODIFIED:20251025T210044Z
TRANSP:OPAQUE
END:VEVENT
BEGIN:VEVENT
SUMMARY:Inmaculada Concepción
DTSTART;VALUE=DATE:20261208
DTEND;VALUE=DATE:20261209
DTSTAMP:20251025T210044Z
UID:0fdb1703b08ef3815edcc0b747c8362ec66b9ed0
CATEGORIES:Holidays
CLASS:public
DESCRIPTION:Inmaculada Concepción
LAST-MODIFIED:20251025T210044Z
TRANSP:OPAQUE
END:VEVENT
BEGIN:VEVENT
SUMMARY:Natividad del Señor
DTSTART;VALUE=DATE:20261225
DTEND;VALUE=DATE:20261226
DTSTAMP:20251025T210044Z
UID:2c9e32ffeb844296707b02181702d4d7c6cbaf4d
CATEGORIES:Holidays
CLASS:public
DESCRIPTION:Natividad del Señor
LAST-MODIFIED:20251025T210044Z
TRANSP:OPAQUE
END:VEVENT
BEGIN:VEVENT
SUMMARY:Día de Andalucía (Andalucía)
DTSTART;VALUE=DATE:20260228
DTEND;VALUE=DATE:20260301
DTSTAMP:20251025T210044Z
UID:6a378c094323c7ddeccab0dcad32798589a53543
CATEGORIES:Holidays
CLASS:public
DESCRIPTION:Día de Andalucía (Andalucía)
LAST-MODIFIED:20251025T210044Z
TRANSP:TRANSPARENT
END:VEVENT
BEGIN:VEVENT
SUMMARY:Jueves Santo (All except CT\, VC)
DTSTART;VALUE=DATE:20260402
DTEND;VALUE=DATE:20260403
DTSTAMP:20251025T210044Z
UID:3ed1fe96742f28ded1bc79a52218dea835edcbb1
CATEGORIES:Holidays
CLASS:public
DESCRIPTION:Jueves Santo (All except CT\, VC)
LAST-MODIFIED:20251025T210044Z
TRANSP:TRANSPARENT
END:VEVENT
BEGIN:VEVENT
SUMMARY:Día de San Jorge (Aragón)
DTSTART;VALUE=DATE:20260423
DTEND;VALUE=DATE:20260424
DTSTAMP:20251025T210044Z
UID:bde12a08f60643b992ac4ac796c16696792c7e93
CATEGORIES:Holidays
CLASS:public
DESCRIPTION:Día de San Jorge (Aragón)
LAST-MODIFIED:20251025T210044Z
TRANSP:TRANSPARENT
END:VEVENT
BEGIN:VEVENT
SUMMARY:Día de Asturias (Asturias)
DTSTART;VALUE=DATE:20260908
DTEND;VALUE=DATE:20260909
DTSTAMP:20251025T210044Z
UID:3b599f9c4d8c160ae0d68eb9be9a499564c72045
CATEGORIES:Holidays
CLASS:public
DESCRIPTION:Día de Asturias (Asturias)
LAST-MODIFIED:20251025T210044Z
TRANSP:TRANSPARENT
END:VEVENT
BEGIN:VEVENT
SUMMARY:Día de las Instituciones de Cantabria (Cantabria)
DTSTART;VALUE=DATE:20260728
DTEND;VALUE=DATE:20260729
DTSTAMP:20251025T210044Z
UID:563d5c9f0fb2e6c1addf9fb141797105e077e59c
CATEGORIES:Holidays
CLASS:public
DESCRIPTION:Día de las Instituciones de Cantabria (Cantabria)
LAST-MODIFIED:20251025T210044Z
TRANSP:TRANSPARENT
END:VEVENT
BEGIN:VEVENT
SUMMARY:La Bien Aparecida (Cantabria)
DTSTART;VALUE=DATE:20260915
DTEND;VALUE=DATE:20260916
DTSTAMP:20251025T210044Z
UID:a5386c94f3466d5b083b3524384e7447df3b1d59
CATEGORIES:Holidays
CLASS:public
DESCRIPTION:La Bien Aparecida (Cantabria)
LAST-MODIFIED:20251025T210044Z
TRANSP:TRANSPARENT
END:VEVENT
BEGIN:VEVENT
SUMMARY:Nuestra Señora de África (Ceuta)
DTSTART;VALUE=DATE:20260805
DTEND;VALUE=DATE:20260806
DTSTAMP:20251025T210044Z
UID:5add77aa2d7b305847e939932b64ca0f9d5060f3
CATEGORIES:Holidays
CLASS:public
DESCRIPTION:Nuestra Señora de África (Ceuta)
LAST-MODIFIED:20251025T210044Z
TRANSP:TRANSPARENT
END:VEVENT
BEGIN:VEVENT
SUMMARY:Día de Ceuta (Ceuta)
DTSTART;VALUE=DATE:20260902
DTEND;VALUE=DATE:20260903
DTSTAMP:20251025T210044Z
UID:f351215347596a9bf88563da283801d68ffff3b7
CATEGORIES:Holidays
CLASS:public
DESCRIPTION:Día de Ceuta (Ceuta)
LAST-MODIFIED:20251025T210044Z
TRANSP:TRANSPARENT
END:VEVENT
BEGIN:VEVENT
SUMMARY:Fiesta del Sacrificio-Eidul Adha (estimado) (Ceuta)
DTSTART;VALUE=DATE:20260527
DTEND;VALUE=DATE:20260528
DTSTAMP:20251025T210044Z
UID:67221a7697c0436ebbb5a9e4f17ed8d445faa6ee
CATEGORIES:Holidays
CLASS:public
DESCRIPTION:Fiesta del Sacrificio-Eidul Adha (estimado) (Ceuta)
LAST-MODIFIED:20251025T210044Z
TRANSP:TRANSPARENT
END:VEVENT
BEGIN:VEVENT
SUMMARY:Fiesta de Castilla y León (Castilla y León)
DTSTART;VALUE=DATE:20260423
DTEND;VALUE=DATE:20260424
DTSTAMP:20251025T210044Z
UID:5cbe4b89b4a53839f1712ec5e99e427cbbecbbdc
CATEGORIES:Holidays
CLASS:public
DESCRIPTION:Fiesta de Castilla y León (Castilla y León)
LAST-MODIFIED:20251025T210044Z
TRANSP:TRANSPARENT
END:VEVENT
BEGIN:VEVENT
SUMMARY:Corpus Christi (Castilla-La Mancha)
DTSTART;VALUE=DATE:20260604
DTEND;VALUE=DATE:20260605
DTSTAMP:20251025T210044Z
UID:8a8a09a8fd2bc5d9705a1e701d258c8f8e6dc57c
CATEGORIES:Holidays
CLASS:public
DESCRIPTION:Corpus Christi (Castilla-La Mancha)
LAST-MODIFIED:20251025T210044Z
TRANSP:TRANSPARENT
END:VEVENT
BEGIN:VEVENT
SUMMARY:Día de Castilla-La Mancha (Castilla-La Mancha)
DTSTART;VALUE=DATE:20260531
DTEND;VALUE=DATE:20260601
DTSTAMP:20251025T210044Z
UID:19fc7bc816b5cda33bd93f6d1bc11c8079c2e7a3
CATEGORIES:Holidays
CLASS:public
DESCRIPTION:Día de Castilla-La Mancha (Castilla-La Mancha)
LAST-MODIFIED:20251025T210044Z
TRANSP:TRANSPARENT
END:VEVENT
BEGIN:VEVENT
SUMMARY:Día de Canarias (Canarias)
DTSTART;VALUE=DATE:20260530
DTEND;VALUE=DATE:20260531
DTSTAMP:20251025T210044Z
UID:f61ab63807d96ec730a72b81ecbdb87c4d9063bf
CATEGORIES:Holidays
CLASS:public
DESCRIPTION:Día de Canarias (Canarias)
LAST-MODIFIED:20251025T210044Z
TRANSP:TRANSPARENT
END:VEVENT
BEGIN:VEVENT
SUMMARY:Lunes de Pascua (CT\, IB\, NC\, PV\, RI\, VC)
DTSTART;VALUE=DATE:20260406
DTEND;VALUE=DATE:20260407
DTSTAMP:20251025T210044Z
UID:5d41d19e90ffd6b839f39ae20b5851b62768cdca
CATEGORIES:Holidays
CLASS:public
DESCRIPTION:Lunes de Pascua (CT\, IB\, NC\, PV\, RI\, VC)
LAST-MODIFIED:20251025T210044Z
TRANSP:TRANSPARENT
END:VEVENT
BEGIN:VEVENT
SUMMARY:San Juan (CT\, VC)
DTSTART;VALUE=DATE:20260624
DTEND;VALUE=DATE:20260625
DTSTAMP:20251025T210044Z
UID:0e7e65c8ee0fd9035cc9407e8537d5c730a877e1
CATEGORIES:Holidays
CLASS:public
DESCRIPTION:San Juan (CT\, VC)
LAST-MODIFIED:20251025T210044Z
TRANSP:TRANSPARENT
END:VEVENT
BEGIN:VEVENT
SUMMARY:Fiesta Nacional de Cataluña (Catalunya)
DTSTART;VALUE=DATE:20260911
DTEND;VALUE=DATE:20260912
DTSTAMP:20251025T210044Z
UID:294e9bf99fcb3717a4fad326ff38e95768d69ab5
CATEGORIES:Holidays
CLASS:public
DESCRIPTION:Fiesta Nacional de Cataluña (Catalunya)
LAST-MODIFIED:20251025T210044Z
TRANSP:TRANSPARENT
END:VEVENT
BEGIN:VEVENT
SUMMARY:San Esteban (Catalunya)
DTSTART;VALUE=DATE:20261226
DTEND;VALUE=DATE:20261227
DTSTAMP:20251025T210044Z
UID:c52e0e2c0aa425eddc747628400eb96aee4a3bab
CATEGORIES:Holidays
CLASS:public
DESCRIPTION:San Esteban (Catalunya)
LAST-MODIFIED:20251025T210044Z
TRANSP:TRANSPARENT
END:VEVENT
BEGIN:VEVENT
SUMMARY:Día de Extremadura (Extremadura)
DTSTART;VALUE=DATE:20260908
DTEND;VALUE=DATE:20260909
DTSTAMP:20251025T210044Z
UID:0e410b34651ebeb490a34cae47f7bd8fa19aa209
CATEGORIES:Holidays
CLASS:public
DESCRIPTION:Día de Extremadura (Extremadura)
LAST-MODIFIED:20251025T210044Z
TRANSP:TRANSPARENT
END:VEVENT
BEGIN:VEVENT
SUMMARY:Día de las Letras Gallegas (Galicia)
DTSTART;VALUE=DATE:20260517
DTEND;VALUE=DATE:20260518
DTSTAMP:20251025T210044Z
UID:945ff5322979e1b98f14e9c6a7fd3b985076de12
CATEGORIES:Holidays
CLASS:public
DESCRIPTION:Día de las Letras Gallegas (Galicia)
LAST-MODIFIED:20251025T210044Z
TRANSP:TRANSPARENT
END:VEVENT
BEGIN:VEVENT
SUMMARY:Día Nacional de Galicia (Galicia)
DTSTART;VALUE=DATE:20260725
DTEND;VALUE=DATE:20260726
DTSTAMP:20251025T210044Z
UID:99e0091d2d47d734e5afc276a4c2ec537f84259d
CATEGORIES:Holidays
CLASS:public
DESCRIPTION:Día Nacional de Galicia (Galicia)
LAST-MODIFIED:20251025T210044Z
TRANSP:TRANSPARENT
END:VEVENT
BEGIN:VEVENT
SUMMARY:Día de las Islas Baleares (Illes Balears)
DTSTART;VALUE=DATE:20260301
DTEND;VALUE=DATE:20260302
DTSTAMP:20251025T210044Z
UID:f8135bf6fcf768786ebdca9402b8432f0a513d8c
CATEGORIES:Holidays
CLASS:public
DESCRIPTION:Día de las Islas Baleares (Illes Balears)
LAST-MODIFIED:20251025T210044Z
TRANSP:TRANSPARENT
END:VEVENT
BEGIN:VEVENT
SUMMARY:Día de la Región de Murcia (Murcia)
DTSTART;VALUE=DATE:20260609
DTEND;VALUE=DATE:20260610
DTSTAMP:20251025T210044Z
UID:33771bb9fc4d48a130ab521f1e0b0fd39bff404a
CATEGORIES:Holidays
CLASS:public
DESCRIPTION:Día de la Región de Murcia (Murcia)
LAST-MODIFIED:20251025T210044Z
TRANSP:TRANSPARENT
END:VEVENT
BEGIN:VEVENT
SUMMARY:Fiesta de la Comunidad de Madrid (Madrid)
DTSTART;VALUE=DATE:20260502
DTEND;VALUE=DATE:20260503
DTSTAMP:20251025T210044Z
UID:2ee1204674a843564a6242c63294d8470650ea7a
CATEGORIES:Holidays
CLASS:public
DESCRIPTION:Fiesta de la Comunidad de Madrid (Madrid)
LAST-MODIFIED:20251025T210044Z
TRANSP:TRANSPARENT
END:VEVENT
BEGIN:VEVENT
SUMMARY:Fiesta del Sacrificio-Aid Al Adha (estimado) (Melilla)
DTSTART;VALUE=DATE:20260527
DTEND;VALUE=DATE:20260528
DTSTAMP:20251025T210044Z
UID:efadc6e61e61bfe4ad4b18b673bd44d50664b448
CATEGORIES:Holidays
CLASS:public
DESCRIPTION:Fiesta del Sacrificio-Aid Al Adha (estimado) (Melilla)
LAST-MODIFIED:20251025T210044Z
TRANSP:TRANSPARENT
END:VEVENT
BEGIN:VEVENT
SUMMARY:Santiago Apóstol (NC\, PV)
DTSTART;VALUE=DATE:20260725
DTEND;VALUE=DATE:20260726
DTSTAMP:20251025T210044Z
UID:167336c3e88cf4115b5157ce88a096972de731bf
CATEGORIES:Holidays
CLASS:public
DESCRIPTION:Santiago Apóstol (NC\, PV)
LAST-MODIFIED:20251025T210044Z
TRANSP:TRANSPARENT
END:VEVENT
BEGIN:VEVENT
SUMMARY:San Francisco Javier (Navarra)
DTSTART;VALUE=DATE:20261203
DTEND;VALUE=DATE:20261204
DTSTAMP:20251025T210044Z
UID:9a28715579352fed31a4f272131abfb052cd5cba
CATEGORIES:Holidays
CLASS:public
DESCRIPTION:San Francisco Javier (Navarra)
LAST-MODIFIED:20251025T210044Z
TRANSP:TRANSPARENT
END:VEVENT
BEGIN:VEVENT
SUMMARY:Día de La Rioja (La Rioja)
DTSTART;VALUE=DATE:20260609
DTEND;VALUE=DATE:20260610
DTSTAMP:20251025T210044Z
UID:ada15288c654a1936097f1c45e93ff3c048e56ae
CATEGORIES:Holidays
CLASS:public
DESCRIPTION:Día de La Rioja (La Rioja)
LAST-MODIFIED:20251025T210044Z
TRANSP:TRANSPARENT
END:VEVENT
BEGIN:VEVENT
SUMMARY:Día de la Comunidad Valenciana (Valenciana)
DTSTART;VALUE=DATE:20261009
DTEND;VALUE=DATE:20261010
DTSTAMP:20251025T210044Z
UID:d032e3fd4c2b083de87986c6aff35035788aebbe
CATEGORIES:Holidays
CLASS:public
DESCRIPTION:Día de la Comunidad Valenciana (Valenciana)
LAST-MODIFIED:20251025T210044Z
TRANSP:TRANSPARENT
END:VEVENT
BEGIN:VEVENT
SUMMARY:Año Nuevo
DTSTART;VALUE=DATE:20270101
DTEND;VALUE=DATE:20270102
DTSTAMP:20251025T210044Z
UID:ad58e784aea99f9045a39af84be26c8553436869
CATEGORIES:Holidays
CLASS:public
DESCRIPTION:Año Nuevo
LAST-MODIFIED:20251025T210044Z
TRANSP:OPAQUE
END:VEVENT
BEGIN:VEVENT
SUMMARY:Epifanía del Señor
DTSTART;VALUE=DATE:20270106
DTEND;VALUE=DATE:20270107
DTSTAMP:20251025T210044Z
UID:af585dbd7603acf466423880a565bebf44a947d4
CATEGORIES:Holidays
CLASS:public
DESCRIPTION:Epifanía del Señor
LAST-MODIFIED:20251025T210044Z
TRANSP:OPAQUE
END:VEVENT
BEGIN:VEVENT
SUMMARY:Viernes Santo
DTSTART;VALUE=DATE:20270326
DTEND;VALUE=DATE:20270327
DTSTAMP:20251025T210044Z
UID:377a19393dbb3456146ff95631aec834d3a28a2b
CATEGORIES:Holidays
CLASS:public
DESCRIPTION:Viernes Santo
LAST-MODIFIED:20251025T210044Z
TRANSP:OPAQUE
END:VEVENT
BEGIN:VEVENT
SUMMARY:Fiesta del Trabajo
DTSTART;VALUE=DATE:20270501
DTEND;VALUE=DATE:20270502
DTSTAMP:20251025T210044Z
UID:c20fd35651edacf30b0f3bd3e902ed5a3aa44e06
CATEGORIES:Holidays
CLASS:public
DESCRIPTION:Fiesta del Trabajo
LAST-MODIFIED:20251025T210044Z
TRANSP:OPAQUE
END:VEVENT
BEGIN:VEVENT
SUMMARY:Asunción de la Virgen
DTSTART;VALUE=DATE:20270815
DTEND;VALUE=DATE:20270816
DTSTAMP:20251025T210044Z
UID:fddc7baa6543661613e9870dec850b6f6dc265d3
CATEGORIES:Holidays
CLASS:public
DESCRIPTION:Asunción de la Virgen
LAST-MODIFIED:20251025T210044Z
TRANSP:OPAQUE
END:VEVENT
BEGIN:VEVENT
SUMMARY:Fiesta Nacional de España
DTSTART;VALUE=DATE:20271012
DTEND;VALUE=DATE:20271013
DTSTAMP:20251025T210044Z
UID:d7c36da1e0fa7be945a8dc12e7c2df6ed5313bbb
CATEGORIES:Holidays
CLASS:public
DESCRIPTION:Fiesta Nacional de España
LAST-MODIFIED:20251025T210044Z
TRANSP:OPAQUE
END:VEVENT
BEGIN:VEVENT
SUMMARY:Todos los Santos
DTSTART;VALUE=DATE:20271101
DTEND;VALUE=DATE:20271102
DTSTAMP:20251025T210044Z
UID:00f6641c4680566b24623849ef1a726c9b69c2e4
CATEGORIES:Holidays
CLASS:public
DESCRIPTION:Todos los Santos
LAST-MODIFIED:20251025T210044Z
TRANSP:OPAQUE
END:VEVENT
BEGIN:VEVENT
SUMMARY:Día de la Constitución Española
DTSTART;VALUE=DATE:20271206
DTEND;VALUE=DATE:20271207
DTSTAMP:20251025T210044Z
UID:c73f0bf351ff4b30d38c175239aa4a0cf2c726b4
CATEGORIES:Holidays
CLASS:public
DESCRIPTION:Día de la Constitución Española
LAST-MODIFIED:20251025T210044Z
TRANSP:OPAQUE
END:VEVENT
BEGIN:VEVENT
SUMMARY:Inmaculada Concepción
DTSTART;VALUE=DATE:20271208
DTEND;VALUE=DATE:20271209
DTSTAMP:20251025T210044Z
UID:5347ae941032d42c21311894b3906fd037aa1c9c
CATEGORIES:Holidays
CLASS:public
DESCRIPTION:Inmaculada Concepción
LAST-MODIFIED:20251025T210044Z
TRANSP:OPAQUE
END:VEVENT
BEGIN:VEVENT
SUMMARY:Natividad del Señor
DTSTART;VALUE=DATE:20271225
DTEND;VALUE=DATE:20271226
DTSTAMP:20251025T210044Z
UID:2e9268715c484cc661a908e4a6626c3b07399ab3
CATEGORIES:Holidays
CLASS:public
DESCRIPTION:Natividad del Señor
LAST-MODIFIED:20251025T210044Z
TRANSP:OPAQUE
END:VEVENT
BEGIN:VEVENT
SUMMARY:Lunes siguiente a Día de Andalucía (Andalucía)
DTSTART;VALUE=DATE:20270301
DTEND;VALUE=DATE:20270302
DTSTAMP:20251025T210044Z
UID:3e72cf3904f56d1c6cf02d7e3bc1d5f72a376d62
CATEGORIES:Holidays
CLASS:public
DESCRIPTION:Lunes siguiente a Día de Andalucía (Andalucía)
LAST-MODIFIED:20251025T210044Z
TRANSP:TRANSPARENT
END:VEVENT
BEGIN:VEVENT
SUMMARY:Jueves Santo (All except CT\, VC)
DTSTART;VALUE=DATE:20270325
DTEND;VALUE=DATE:20270326
DTSTAMP:20251025T210044Z
UID:5784688af25d8ab3de6fa2d513c84c0e0be4cdb3
CATEGORIES:Holidays
CLASS:public
DESCRIPTION:Jueves Santo (All except CT\, VC)
LAST-MODIFIED:20251025T210044Z
TRANSP:TRANSPARENT
END:VEVENT
BEGIN:VEVENT
SUMMARY:Día de San Jorge (Aragón)
DTSTART;VALUE=DATE:20270423
DTEND;VALUE=DATE:20270424
DTSTAMP:20251025T210044Z
UID:39a309966293d63d8921f0c646884e4b86c0ee57
CATEGORIES:Holidays
CLASS:public
DESCRIPTION:Día de San Jorge (Aragón)
LAST-MODIFIED:20251025T210044Z
TRANSP:TRANSPARENT
END:VEVENT
BEGIN:VEVENT
SUMMARY:Día de Asturias (Asturias)
DTSTART;VALUE=DATE:20270908
DTEND;VALUE=DATE:20270909
DTSTAMP:20251025T210044Z
UID:1c7ed1ae73c3168c34cded9fc235a8f8eb668a30
CATEGORIES:Holidays
CLASS:public
DESCRIPTION:Día de Asturias (Asturias)
LAST-MODIFIED:20251025T210044Z
TRANSP:TRANSPARENT
END:VEVENT
BEGIN:VEVENT
SUMMARY:Día de las Instituciones de Cantabria (Cantabria)
DTSTART;VALUE=DATE:20270728
DTEND;VALUE=DATE:20270729
DTSTAMP:20251025T210044Z
UID:80d182e9bc3e39e9369543825f3549035996239a
CATEGORIES:Holidays
CLASS:public
DESCRIPTION:Día de las Instituciones de Cantabria (Cantabria)
LAST-MODIFIED:20251025T210044Z
TRANSP:TRANSPARENT
END:VEVENT
BEGIN:VEVENT
SUMMARY:La Bien Aparecida (Cantabria)
DTSTART;VALUE=DATE:20270915
DTEND;VALUE=DATE:20270916
DTSTAMP:20251025T210044Z
UID:e2844454b8a88c95ab02151f756fe82001c75a3a
CATEGORIES:Holidays
CLASS:public
DESCRIPTION:La Bien Aparecida (Cantabria)
LAST-MODIFIED:20251025T210044Z
TRANSP:TRANSPARENT
END:VEVENT
BEGIN:VEVENT
SUMMARY:Nuestra Señora de África (Ceuta)
DTSTART;VALUE=DATE:20270805
DTEND;VALUE=DATE:20270806
DTSTAMP:20251025T210044Z
UID:941c9c0442efa5673e51d035a700ae57fdd80cb2
CATEGORIES:Holidays
CLASS:public
DESCRIPTION:Nuestra Señora de África (Ceuta)
LAST-MODIFIED:20251025T210044Z
TRANSP:TRANSPARENT
END:VEVENT
BEGIN:VEVENT
SUMMARY:Día de Ceuta (Ceuta)
DTSTART;VALUE=DATE:20270902
DTEND;VALUE=DATE:20270903
DTSTAMP:20251025T210044Z
UID:d6868afd29b6bbd2f5552e47702eb257c12d741b
CATEGORIES:Holidays
CLASS:public
DESCRIPTION:Día de Ceuta (Ceuta)
LAST-MODIFIED:20251025T210044Z
TRANSP:TRANSPARENT
END:VEVENT
BEGIN:VEVENT
SUMMARY:Fiesta del Sacrificio-Eidul Adha (estimado) (Ceuta)
DTSTART;VALUE=DATE:20270516
DTEND;VALUE=DATE:20270517
DTSTAMP:20251025T210044Z
UID:986748474fbf9dd97ff2c2ad6ead6c8100f1b33d
CATEGORIES:Holidays
CLASS:public
DESCRIPTION:Fiesta del Sacrificio-Eidul Adha (estimado) (Ceuta)
LAST-MODIFIED:20251025T210044Z
TRANSP:TRANSPARENT
END:VEVENT
BEGIN:VEVENT
SUMMARY:Fiesta de Castilla y León (Castilla y León)
DTSTART;VALUE=DATE:20270423
DTEND;VALUE=DATE:20270424
DTSTAMP:20251025T210044Z
UID:6dd800e486ac822c99b66a4940fac2221b51a811
CATEGORIES:Holidays
CLASS:public
DESCRIPTION:Fiesta de Castilla y León (Castilla y León)
LAST-MODIFIED:20251025T210044Z
TRANSP:TRANSPARENT
END:VEVENT
BEGIN:VEVENT
SUMMARY:Corpus Christi (Castilla-La Mancha)
DTSTART;VALUE=DATE:20270527
DTEND;VALUE=DATE:20270528
DTSTAMP:20251025T210044Z
UID:be3373609b755f32490235a13d8390cbc48a140b
CATEGORIES:Holidays
CLASS:public
DESCRIPTION:Corpus Christi (Castilla-La Mancha)
LAST-MODIFIED:20251025T210044Z
TRANSP:TRANSPARENT
END:VEVENT
BEGIN:VEVENT
SUMMARY:Día de Castilla-La Mancha (Castilla-La Mancha)
DTSTART;VALUE=DATE:20270531
DTEND;VALUE=DATE:20270601
DTSTAMP:20251025T210044Z
UID:998411cdd4c2b4ea86873498ebadcdbb61fd4b19
CATEGORIES:Holidays
CLASS:public
DESCRIPTION:Día de Castilla-La Mancha (Castilla-La Mancha)
LAST-MODIFIED:20251025T210044Z
TRANSP:TRANSPARENT
END:VEVENT
BEGIN:VEVENT
SUMMARY:Lunes siguiente a Día de Canarias (Canarias)
DTSTART;VALUE=DATE:20270531
DTEND;VALUE=DATE:20270601
DTSTAMP:20251025T210044Z
UID:74515dcb1e0b4f874331fdaf9b54d97bd1886f67
CATEGORIES:Holidays
CLASS:public
DESCRIPTION:Lunes siguiente a Día de Canarias (Canarias)
LAST-MODIFIED:20251025T210044Z
TRANSP:TRANSPARENT
END:VEVENT
BEGIN:VEVENT
SUMMARY:Lunes de Pascua (CT\, IB\, NC\, PV\, RI\, VC)
DTSTART;VALUE=DATE:20270329
DTEND;VALUE=DATE:20270330
DTSTAMP:20251025T210044Z
UID:45f5312109e33b209b6466943779884679c0c68c
CATEGORIES:Holidays
CLASS:public
DESCRIPTION:Lunes de Pascua (CT\, IB\, NC\, PV\, RI\, VC)
LAST-MODIFIED:20251025T210044Z
TRANSP:TRANSPARENT
END:VEVENT
BEGIN:VEVENT
SUMMARY:San Juan (CT\, VC)
DTSTART;VALUE=DATE:20270624
DTEND;VALUE=DATE:20270625
DTSTAMP:20251025T210044Z
UID:7a773dbc9f920866c6483a0eb7945180dfc76793
CATEGORIES:Holidays
CLASS:public
DESCRIPTION:San Juan (CT\, VC)
LAST-MODIFIED:20251025T210044Z
TRANSP:TRANSPARENT
END:VEVENT
BEGIN:VEVENT
SUMMARY:Fiesta Nacional de Cataluña (Catalunya)
DTSTART;VALUE=DATE:20270911
DTEND;VALUE=DATE:20270912
DTSTAMP:20251025T210044Z
UID:0af14e5f34d54df2e7a058b331f55f5dbfdee66e
CATEGORIES:Holidays
CLASS:public
DESCRIPTION:Fiesta Nacional de Cataluña (Catalunya)
LAST-MODIFIED:20251025T210044Z
TRANSP:TRANSPARENT
END:VEVENT
BEGIN:VEVENT
SUMMARY:San Esteban (Catalunya)
DTSTART;VALUE=DATE:20271226
DTEND;VALUE=DATE:20271227
DTSTAMP:20251025T210044Z
UID:a5bec11b211b815f5f781ec6a19ecd54ef5e2f74
CATEGORIES:Holidays
CLASS:public
DESCRIPTION:San Esteban (Catalunya)
LAST-MODIFIED:20251025T210044Z
TRANSP:TRANSPARENT
END:VEVENT
BEGIN:VEVENT
SUMMARY:Día de Extremadura (Extremadura)
DTSTART;VALUE=DATE:20270908
DTEND;VALUE=DATE:20270909
DTSTAMP:20251025T210044Z
UID:267b0990a07f9030c32d48d6e94d9a36fa27feec
CATEGORIES:Holidays
CLASS:public
DESCRIPTION:Día de Extremadura (Extremadura)
LAST-MODIFIED:20251025T210044Z
TRANSP:TRANSPARENT
END:VEVENT
BEGIN:VEVENT
SUMMARY:Día de las Letras Gallegas (Galicia)
DTSTART;VALUE=DATE:20270517
DTEND;VALUE=DATE:20270518
DTSTAMP:20251025T210044Z
UID:80b853df971953fb956c1089e7e3f0d7823a05d1
CATEGORIES:Holidays
CLASS:public
DESCRIPTION:Día de las Letras Gallegas (Galicia)
LAST-MODIFIED:20251025T210044Z
TRANSP:TRANSPARENT
END:VEVENT
BEGIN:VEVENT
SUMMARY:Día Nacional de Galicia (Galicia)
DTSTART;VALUE=DATE:20270725
DTEND;VALUE=DATE:20270726
DTSTAMP:20251025T210044Z
UID:31e3dfee5bc52d10f1fed040acd4150ee137ce43
CATEGORIES:Holidays
CLASS:public
DESCRIPTION:Día Nacional de Galicia (Galicia)
LAST-MODIFIED:20251025T210044Z
TRANSP:TRANSPARENT
END:VEVENT
BEGIN:VEVENT
SUMMARY:Día de las Islas Baleares (Illes Balears)
DTSTART;VALUE=DATE:20270301
DTEND;VALUE=DATE:20270302
DTSTAMP:20251025T210044Z
UID:e4ce3ad04c66b9153411b56798fb22bd87e1cd2b
CATEGORIES:Holidays
CLASS:public
DESCRIPTION:Día de las Islas Baleares (Illes Balears)
LAST-MODIFIED:20251025T210044Z
TRANSP:TRANSPARENT
END:VEVENT
BEGIN:VEVENT
SUMMARY:Día de la Región de Murcia (Murcia)
DTSTART;VALUE=DATE:20270609
DTEND;VALUE=DATE:20270610
DTSTAMP:20251025T210044Z
UID:42b6445b6f7e571c0186027c99e308a5c25b4a36
CATEGORIES:Holidays
CLASS:public
DESCRIPTION:Día de la Región de Murcia (Murcia)
LAST-MODIFIED:20251025T210044Z
TRANSP:TRANSPARENT
END:VEVENT
BEGIN:VEVENT
SUMMARY:Lunes siguiente a Fiesta de la Comunidad de Madrid (Madrid)
DTSTART;VALUE=DATE:20270503
DTEND;VALUE=DATE:20270504
DTSTAMP:20251025T210044Z
UID:1c7d30188cf6e9040b84e863dd479a70e06ffb85
CATEGORIES:Holidays
CLASS:public
DESCRIPTION:Lunes siguiente a Fiesta de la Comunidad de Madrid (Madrid)
LAST-MODIFIED:20251025T210044Z
TRANSP:TRANSPARENT
END:VEVENT
BEGIN:VEVENT
SUMMARY:Fiesta del Sacrificio-Aid Al Adha (estimado) (Melilla)
DTSTART;VALUE=DATE:20270516
DTEND;VALUE=DATE:20270517
DTSTAMP:20251025T210044Z
UID:bcc25e200b0b6ede9085e222d81329005e380d51
CATEGORIES:Holidays
CLASS:public
DESCRIPTION:Fiesta del Sacrificio-Aid Al Adha (estimado) (Melilla)
LAST-MODIFIED:20251025T210044Z
TRANSP:TRANSPARENT
END:VEVENT
BEGIN:VEVENT
SUMMARY:Santiago Apóstol (NC\, PV)
DTSTART;VALUE=DATE:20270725
DTEND;VALUE=DATE:20270726
DTSTAMP:20251025T210044Z
UID:f04fe080c848870be5e4a87ef3b13aa2eb2205a2
CATEGORIES:Holidays
CLASS:public
DESCRIPTION:Santiago Apóstol (NC\, PV)
LAST-MODIFIED:20251025T210044Z
TRANSP:TRANSPARENT
END:VEVENT
BEGIN:VEVENT
SUMMARY:San Francisco Javier (Navarra)
DTSTART;VALUE=DATE:20271203
DTEND;VALUE=DATE:20271204
DTSTAMP:20251025T210044Z
UID:17c0aea04d9ee2d3a4009cc3d70c4f949d25593c
CATEGORIES:Holidays
CLASS:public
DESCRIPTION:San Francisco Javier (Navarra)
LAST-MODIFIED:20251025T210044Z
TRANSP:TRANSPARENT
END:VEVENT
BEGIN:VEVENT
SUMMARY:Día de La Rioja (La Rioja)
DTSTART;VALUE=DATE:20270609
DTEND;VALUE=DATE:20270610
DTSTAMP:20251025T210044Z
UID:3083c8e13cb7518ff04feabbd162803676528864
CATEGORIES:Holidays
CLASS:public
DESCRIPTION:Día de La Rioja (La Rioja)
LAST-MODIFIED:20251025T210044Z
TRANSP:TRANSPARENT
END:VEVENT
BEGIN:VEVENT
SUMMARY:Día de la Comunidad Valenciana (Valenciana)
DTSTART;VALUE=DATE:20271009
DTEND;VALUE=DATE:20271010
DTSTAMP:20251025T210044Z
UID:353c98a6fb97d72401a88bc2a1900b963bacbe6d
CATEGORIES:Holidays
CLASS:public
DESCRIPTION:Día de la Comunidad Valenciana (Valenciana)
LAST-MODIFIED:20251025T210044Z
TRANSP:TRANSPARENT
END:VEVENT
END:VCALENDAR
